employee_id,department,job_involvement,job_level,job_title,overtime,business_travel_frequency
1001,Sales,3,2,Sales Executive,Yes,Travel_Rarely
1002,Research & Development,2,2,Research Scientist,No,Travel_Frequently
1003,Research & Development,2,1,Laboratory Technician,Yes,Travel_Rarely
1004,Research & Development,3,1,Research Scientist,Yes,Travel_Frequently
1005,Research & Development,3,1,Laboratory Technician,No,Travel_Rarely
1006,Research & Development,3,1,Laboratory Technician,No,Travel_Frequently
1007,Research & Development,4,1,Laboratory Technician,Yes,Travel_Rarely
1008,Research & Development,3,1,Laboratory Technician,No,Travel_Rarely
1009,Research & Development,2,3,Manufacturing Director,No,Travel_Frequently
1010,Research & Development,3,2,Healthcare Representative,No,Travel_Rarely
1011,Research & Development,4,1,Laboratory Technician,No,Travel_Rarely
1012,Research & Development,2,2,Laboratory Technician,Yes,Travel_Rarely
1013,Research & Development,3,1,Research Scientist,No,Travel_Rarely
1014,Research & Development,3,1,Laboratory Technician,No,Travel_Rarely
1015,Research & Development,2,1,Laboratory Technician,Yes,Travel_Rarely
1016,Research & Development,4,3,Manufacturing Director,No,Travel_Rarely
1017,Research & Development,4,1,Research Scientist,Yes,Travel_Rarely
1018,Research & Development,4,1,Laboratory Technician,Yes,Non-Travel
1019,Sales,2,4,Manager,No,Travel_Rarely
1020,Research & Development,3,1,Research Scientist,Yes,Travel_Rarely
1021,Research & Development,4,2,Manufacturing Director,No,Non-Travel
1022,Sales,2,1,Sales Representative,No,Travel_Rarely
1023,Research & Development,3,3,Research Director,No,Travel_Rarely
1024,Research & Development,3,1,Research Scientist,No,Travel_Rarely
1025,Research & Development,3,1,Research Scientist,No,Travel_Rarely
1026,Research & Development,3,5,Vice President,No,Travel_Rarely
1027,Research & Development,1,1,Research Scientist,Yes,Travel_Frequently
1028,Sales,3,2,Sales Executive,No,Travel_Rarely
1029,Research & Development,2,3,Healthcare Representative,No,Travel_Rarely
1030,Sales,3,5,Manager,No,Travel_Rarely
1031,Research & Development,3,1,Laboratory Technician,No,Travel_Rarely
1032,Research & Development,3,2,Healthcare Representative,Yes,Travel_Rarely
1033,Research & Development,2,1,Laboratory Technician,No,Travel_Rarely
1034,Sales,3,2,Sales Representative,No,Travel_Rarely
1035,Research & Development,3,1,Research Scientist,Yes,Travel_Rarely
1036,Research & Development,4,1,Research Scientist,No,Travel_Rarely
1037,Sales,2,1,Sales Representative,Yes,Travel_Rarely
1038,Sales,3,1,Sales Representative,No,Travel_Rarely
1039,Research & Development,2,1,Research Scientist,Yes,Travel_Rarely
1040,Sales,4,2,Sales Executive,No,Travel_Frequently
1041,Research & Development,3,1,Laboratory Technician,No,Travel_Rarely
1042,Research & Development,3,1,Laboratory Technician,No,Travel_Rarely
1043,Research & Development,1,1,Laboratory Technician,No,Travel_Rarely
1044,Sales,3,3,Sales Executive,No,Travel_Frequently
1045,Research & Development,3,2,Laboratory Technician,No,Travel_Frequently
1046,Research & Development,3,5,Research Director,No,Travel_Rarely
1047,Sales,3,2,Sales Executive,No,Non-Travel
1048,Research & Development,3,1,Research Scientist,No,Travel_Rarely
1049,Sales,3,2,Sales Executive,Yes,Travel_Frequently
1050,Research & Development,4,1,Laboratory Technician,No,Travel_Rarely
1051,Research & Development,2,3,Laboratory Technician,Yes,Travel_Rarely
1052,Research & Development,3,1,Laboratory Technician,Yes,Travel_Rarely
1053,Sales,3,2,Sales Executive,Yes,Travel_Rarely
1054,Research & Development,2,3,Healthcare Representative,Yes,Non-Travel
1055,Sales,2,2,Sales Executive,Yes,Travel_Rarely
1056,Research & Development,3,3,Research Director,Yes,Travel_Frequently
1057,Sales,3,3,Sales Executive,No,Travel_Frequently
1058,Research & Development,3,1,Laboratory Technician,Yes,Travel_Rarely
1059,Research & Development,3,2,Laboratory Technician,No,Travel_Rarely
1060,Research & Development,2,2,Manufacturing Director,No,Travel_Rarely
1061,Research & Development,3,2,Manufacturing Director,Yes,Travel_Rarely
1062,Research & Development,3,2,Laboratory Technician,No,Travel_Frequently
1063,Research & Development,2,5,Research Director,Yes,Travel_Rarely
1064,Sales,3,3,Sales Executive,No,Travel_Rarely
1065,Research & Development,3,3,Healthcare Representative,No,Travel_Rarely
1066,Research & Development,3,4,Vice President,Yes,Travel_Rarely
1067,Research & Development,2,2,Manufacturing Director,No,Travel_Frequently
1068,Research & Development,3,3,Research Scientist,No,Travel_Rarely
1069,Research & Development,3,1,Research Scientist,No,Travel_Frequently
1070,Research & Development,2,1,Research Scientist,Yes,Travel_Rarely
1071,Sales,2,2,Sales Executive,No,Travel_Frequently
1072,Research & Development,3,1,Research Scientist,No,Travel_Rarely
1073,Research & Development,3,1,Research Scientist,No,Travel_Rarely
1074,Research & Development,3,2,Research Scientist,No,Travel_Rarely
1075,Research & Development,4,1,Laboratory Technician,No,Travel_Rarely
1076,Research & Development,3,2,Manufacturing Director,No,Travel_Rarely
1077,Sales,2,2,Sales Executive,No,Travel_Rarely
1078,Research & Development,3,3,Research Director,Yes,Travel_Rarely
1079,Research & Development,3,3,Research Director,No,Travel_Rarely
1080,Human Resources,3,2,Human Resources,Yes,Travel_Rarely
1081,Research & Development,2,2,Laboratory Technician,Yes,Travel_Rarely
1082,Research & Development,2,1,Research Scientist,No,Travel_Rarely
1083,Sales,3,3,Sales Executive,No,Travel_Rarely
1084,Research & Development,1,2,Research Scientist,Yes,Non-Travel
1085,Research & Development,3,2,Manufacturing Director,No,Travel_Rarely
1086,Research & Development,1,3,Manufacturing Director,No,Travel_Rarely
1087,Sales,3,1,Sales Representative,No,Travel_Rarely
1088,Research & Development,3,1,Laboratory Technician,No,Travel_Rarely
1089,Research & Development,2,2,Healthcare Representative,No,Travel_Rarely
1090,Sales,2,3,Sales Executive,No,Travel_Rarely
1091,Research & Development,2,4,Healthcare Representative,No,Travel_Frequently
1092,Sales,3,2,Sales Executive,Yes,Travel_Rarely
1093,Sales,2,2,Sales Executive,Yes,Travel_Rarely
1094,Research & Development,2,3,Healthcare Representative,Yes,Travel_Frequently
1095,Sales,3,2,Sales Executive,No,Travel_Rarely
1096,Research & Development,3,3,Research Director,No,Travel_Rarely
1097,Sales,3,2,Sales Executive,No,Travel_Rarely
1098,Sales,3,2,Sales Executive,No,Non-Travel
1099,Sales,3,4,Sales Executive,No,Travel_Rarely
1100,Research & Development,3,2,Laboratory Technician,No,Non-Travel
1101,Human Resources,3,1,Human Resources,Yes,Travel_Rarely
1102,Research & Development,3,1,Research Scientist,No,Travel_Rarely
1103,Research & Development,2,1,Laboratory Technician,Yes,Travel_Frequently
1104,Research & Development,3,2,Research Scientist,No,Travel_Rarely
1105,Research & Development,2,2,Healthcare Representative,No,Non-Travel
1106,Human Resources,2,5,Manager,No,Non-Travel
1107,Research & Development,3,5,Research Director,Yes,Travel_Frequently
1108,Sales,2,2,Sales Executive,Yes,Travel_Rarely
1109,Research & Development,2,1,Research Scientist,No,Travel_Rarely
1110,Research & Development,3,1,Laboratory Technician,No,Travel_Rarely
1111,Research & Development,2,3,Healthcare Representative,No,Travel_Frequently
1112,Research & Development,1,2,Laboratory Technician,Yes,Travel_Frequently
1113,Human Resources,4,4,Manager,Yes,Non-Travel
1114,Research & Development,3,1,Laboratory Technician,No,Travel_Rarely
1115,Research & Development,2,2,Research Scientist,No,Travel_Rarely
1116,Sales,3,3,Sales Executive,No,Travel_Rarely
1117,Research & Development,2,3,Manager,No,Travel_Rarely
1118,Sales,3,3,Sales Executive,No,Travel_Frequently
1119,Research & Development,3,1,Laboratory Technician,No,Travel_Rarely
1120,Sales,3,4,Manager,Yes,Travel_Frequently
1121,Research & Development,1,1,Research Scientist,No,Travel_Frequently
1122,Sales,3,2,Sales Executive,No,Non-Travel
1123,Research & Development,3,1,Research Scientist,Yes,Travel_Rarely
1124,Research & Development,3,5,Research Director,No,Travel_Rarely
1125,Sales,1,2,Sales Executive,Yes,Travel_Rarely
1126,Research & Development,2,1,Research Scientist,No,Travel_Rarely
1127,Research & Development,3,3,Healthcare Representative,No,Travel_Rarely
1128,Sales,3,1,Sales Representative,Yes,Travel_Rarely
1129,Research & Development,3,1,Laboratory Technician,No,Travel_Rarely
1130,Research & Development,3,2,Manufacturing Director,No,Travel_Rarely
1131,Research & Development,4,1,Research Scientist,No,Travel_Frequently
1132,Sales,3,3,Sales Executive,No,Travel_Frequently
1133,Sales,1,2,Sales Executive,Yes,Travel_Rarely
1134,Sales,3,3,Sales Executive,Yes,Travel_Rarely
1135,Human Resources,3,1,Human Resources,No,Travel_Rarely
1136,Research & Development,3,2,Manufacturing Director,No,Travel_Rarely
1137,Research & Development,1,3,Manufacturing Director,No,Travel_Frequently
1138,Sales,2,2,Sales Executive,No,Travel_Rarely
1139,Sales,2,2,Sales Executive,No,Travel_Rarely
1140,Human Resources,3,2,Human Resources,Yes,Travel_Rarely
1141,Research & Development,3,1,Laboratory Technician,No,Travel_Rarely
1142,Research & Development,3,1,Research Scientist,No,Travel_Rarely
1143,Research & Development,3,2,Research Scientist,Yes,Travel_Rarely
1144,Research & Development,3,1,Research Scientist,No,Travel_Rarely
1145,Sales,1,2,Sales Executive,No,Travel_Frequently
1146,Research & Development,3,1,Research Scientist,No,Travel_Rarely
1147,Research & Development,2,1,Laboratory Technician,No,Travel_Rarely
1148,Research & Development,2,4,Manager,No,Travel_Frequently
1149,Research & Development,3,1,Laboratory Technician,No,Travel_Rarely
1150,Research & Development,3,1,Laboratory Technician,No,Travel_Rarely
1151,Research & Development,3,2,Research Scientist,No,Travel_Frequently
1152,Sales,3,3,Sales Executive,No,Travel_Rarely
1153,Sales,3,2,Sales Representative,Yes,Travel_Rarely
1154,Research & Development,3,2,Laboratory Technician,No,Travel_Rarely
1155,Sales,3,3,Sales Executive,No,Travel_Frequently
1156,Research & Development,3,2,Manufacturing Director,No,Non-Travel
1157,Research & Development,2,2,Manufacturing Director,No,Travel_Rarely
1158,Research & Development,2,1,Research Scientist,Yes,Travel_Rarely
1159,Sales,2,3,Sales Executive,No,Travel_Rarely
1160,Sales,3,1,Sales Representative,No,Travel_Frequently
1161,Research & Development,3,1,Research Scientist,No,Travel_Rarely
1162,Research & Development,3,1,Research Scientist,No,Non-Travel
1163,Research & Development,3,1,Research Scientist,No,Travel_Rarely
1164,Research & Development,4,3,Healthcare Representative,Yes,Travel_Rarely
1165,Research & Development,2,1,Research Scientist,Yes,Non-Travel
1166,Research & Development,3,5,Manager,No,Travel_Rarely
1167,Research & Development,3,1,Research Scientist,No,Travel_Rarely
1168,Sales,3,3,Sales Executive,No,Travel_Rarely
1169,Sales,2,2,Sales Executive,No,Travel_Rarely
1170,Research & Development,3,1,Research Scientist,No,Travel_Rarely
1171,Research & Development,3,1,Research Scientist,Yes,Travel_Rarely
1172,Sales,1,1,Sales Representative,No,Travel_Frequently
1173,Research & Development,3,1,Laboratory Technician,No,Travel_Frequently
1174,Research & Development,3,2,Laboratory Technician,No,Non-Travel
1175,Sales,3,2,Sales Executive,Yes,Travel_Rarely
1176,Research & Development,3,1,Research Scientist,Yes,Travel_Rarely
1177,Research & Development,3,1,Research Scientist,No,Travel_Rarely
1178,Research & Development,2,1,Laboratory Technician,No,Travel_Rarely
1179,Sales,3,3,Sales Executive,No,Travel_Rarely
1180,Research & Development,3,1,Laboratory Technician,No,Travel_Rarely
1181,Research & Development,3,1,Research Scientist,Yes,Travel_Rarely
1182,Research & Development,3,1,Research Scientist,No,Travel_Rarely
1183,Sales,3,1,Sales Representative,Yes,Travel_Rarely
1184,Research & Development,2,1,Laboratory Technician,No,Travel_Rarely
1185,Research & Development,4,2,Manufacturing Director,No,Travel_Rarely
1186,Research & Development,3,1,Research Scientist,No,Travel_Rarely
1187,Research & Development,3,5,Manager,No,Travel_Rarely
1188,Research & Development,4,5,Research Director,No,Travel_Rarely
1189,Research & Development,2,2,Manufacturing Director,No,Travel_Frequently
1190,Research & Development,3,4,Healthcare Representative,No,Travel_Rarely
1191,Research & Development,2,5,Manager,No,Travel_Rarely
1192,Research & Development,3,1,Research Scientist,No,Travel_Rarely
1193,Research & Development,2,2,Manufacturing Director,Yes,Travel_Rarely
1194,Research & Development,4,1,Research Scientist,No,Non-Travel
1195,Research & Development,2,4,Manager,No,Non-Travel
1196,Research & Development,4,1,Research Scientist,Yes,Travel_Rarely
1197,Research & Development,3,2,Laboratory Technician,No,Travel_Frequently
1198,Research & Development,3,2,Manufacturing Director,No,Non-Travel
1199,Research & Development,3,2,Manufacturing Director,No,Travel_Rarely
1200,Research & Development,3,2,Manufacturing Director,No,Travel_Rarely
1201,Research & Development,2,2,Manufacturing Director,No,Travel_Frequently
1202,Research & Development,3,2,Manufacturing Director,Yes,Non-Travel
1203,Research & Development,3,1,Research Scientist,Yes,Travel_Frequently
1204,Research & Development,3,2,Laboratory Technician,Yes,Travel_Rarely
1205,Research & Development,3,2,Healthcare Representative,Yes,Travel_Rarely
1206,Sales,3,3,Sales Executive,No,Travel_Rarely
1207,Research & Development,4,1,Research Scientist,Yes,Travel_Rarely
1208,Research & Development,3,1,Laboratory Technician,No,Travel_Frequently
1209,Research & Development,2,2,Healthcare Representative,No,Non-Travel
1210,Research & Development,3,3,Healthcare Representative,No,Travel_Rarely
1211,Sales,1,3,Sales Executive,No,Travel_Rarely
1212,Research & Development,2,3,Manufacturing Director,No,Non-Travel
1213,Sales,3,2,Sales Executive,No,Travel_Frequently
1214,Research & Development,2,3,Research Director,No,Travel_Rarely
1215,Research & Development,3,1,Research Scientist,Yes,Travel_Rarely
1216,Sales,3,3,Manager,Yes,Travel_Rarely
1217,Sales,2,2,Sales Executive,No,Travel_Frequently
1218,Research & Development,3,1,Research Scientist,No,Travel_Rarely
1219,Sales,2,3,Sales Executive,No,Non-Travel
1220,Sales,3,2,Sales Executive,No,Travel_Rarely
1221,Research & Development,3,2,Laboratory Technician,No,Travel_Rarely
1222,Research & Development,2,1,Research Scientist,No,Travel_Rarely
1223,Research & Development,3,3,Research Director,Yes,Travel_Frequently
1224,Sales,3,3,Sales Executive,No,Travel_Rarely
1225,Research & Development,1,2,Manufacturing Director,No,Non-Travel
1226,Research & Development,2,1,Research Scientist,No,Travel_Rarely
1227,Sales,3,1,Sales Representative,No,Travel_Frequently
1228,Sales,3,3,Sales Executive,No,Travel_Frequently
1229,Sales,3,3,Sales Executive,No,Travel_Frequently
1230,Research & Development,2,1,Research Scientist,Yes,Travel_Rarely
1231,Research & Development,2,1,Laboratory Technician,No,Travel_Rarely
1232,Research & Development,3,5,Manager,No,Travel_Rarely
1233,Human Resources,3,1,Human Resources,No,Travel_Rarely
1234,Sales,3,5,Manager,No,Travel_Rarely
1235,Research & Development,3,1,Laboratory Technician,Yes,Travel_Rarely
1236,Sales,3,4,Manager,Yes,Travel_Rarely
1237,Research & Development,3,1,Laboratory Technician,No,Travel_Rarely
1238,Sales,2,5,Manager,Yes,Non-Travel
1239,Sales,3,1,Sales Representative,No,Travel_Rarely
1240,Research & Development,2,1,Laboratory Technician,Yes,Travel_Rarely
1241,Research & Development,3,1,Laboratory Technician,No,Travel_Rarely
1242,Sales,3,2,Sales Executive,No,Non-Travel
1243,Research & Development,3,2,Research Scientist,No,Travel_Rarely
1244,Research & Development,3,2,Research Scientist,No,Travel_Rarely
1245,Research & Development,4,5,Manager,No,Travel_Rarely
1246,Research & Development,3,3,Research Director,No,Travel_Frequently
1247,Research & Development,2,1,Research Scientist,No,Travel_Rarely
1248,Research & Development,2,2,Manufacturing Director,No,Travel_Rarely
1249,Research & Development,2,1,Research Scientist,No,Travel_Rarely
1250,Research & Development,4,2,Manufacturing Director,No,Travel_Frequently
1251,Research & Development,3,3,Manufacturing Director,No,Travel_Frequently
1252,Research & Development,3,3,Healthcare Representative,No,Travel_Frequently
1253,Research & Development,3,1,Research Scientist,No,Travel_Rarely
1254,Research & Development,4,2,Research Scientist,Yes,Travel_Rarely
1255,Sales,3,2,Sales Executive,No,Travel_Rarely
1256,Research & Development,3,2,Manufacturing Director,No,Travel_Rarely
1257,Research & Development,2,1,Laboratory Technician,Yes,Travel_Rarely
1258,Research & Development,3,5,Research Director,No,Travel_Rarely
1259,Research & Development,3,1,Research Scientist,No,Travel_Rarely
1260,Research & Development,2,1,Laboratory Technician,No,Travel_Frequently
1261,Research & Development,4,1,Laboratory Technician,No,Travel_Frequently
1262,Sales,2,2,Sales Executive,No,Non-Travel
1263,Research & Development,2,2,Laboratory Technician,No,Travel_Rarely
1264,Sales,1,4,Manager,Yes,Travel_Rarely
1265,Research & Development,3,1,Laboratory Technician,No,Travel_Rarely
1266,Sales,2,2,Sales Executive,No,Travel_Rarely
1267,Research & Development,2,2,Healthcare Representative,No,Travel_Rarely
1268,Research & Development,4,2,Healthcare Representative,No,Non-Travel
1269,Research & Development,3,4,Healthcare Representative,Yes,Travel_Rarely
1270,Research & Development,3,1,Laboratory Technician,No,Travel_Rarely
1271,Research & Development,3,5,Manager,Yes,Travel_Rarely
1272,Research & Development,3,3,Manager,Yes,Non-Travel
1273,Research & Development,3,1,Research Scientist,No,Travel_Rarely
1274,Sales,3,2,Sales Executive,No,Travel_Rarely
1275,Research & Development,2,1,Research Scientist,No,Travel_Rarely
1276,Research & Development,3,3,Research Director,Yes,Non-Travel
1277,Research & Development,4,3,Manager,No,Travel_Rarely
1278,Sales,4,2,Sales Executive,Yes,Travel_Rarely
1279,Research & Development,3,2,Manufacturing Director,No,Travel_Frequently
1280,Research & Development,3,5,Research Director,No,Travel_Rarely
1281,Research & Development,3,4,Research Director,Yes,Travel_Rarely
1282,Sales,3,2,Sales Executive,No,Travel_Rarely
1283,Sales,3,2,Sales Executive,No,Travel_Frequently
1284,Research & Development,3,2,Laboratory Technician,Yes,Travel_Rarely
1285,Research & Development,3,2,Healthcare Representative,Yes,Travel_Frequently
1286,Research & Development,3,1,Research Scientist,No,Travel_Rarely
1287,Research & Development,3,1,Laboratory Technician,Yes,Travel_Frequently
1288,Research & Development,3,2,Healthcare Representative,No,Travel_Rarely
1289,Research & Development,3,1,Laboratory Technician,Yes,Travel_Rarely
1290,Research & Development,3,1,Research Scientist,No,Travel_Rarely
1291,Research & Development,3,5,Research Director,Yes,Travel_Frequently
1292,Research & Development,3,2,Research Scientist,No,Travel_Rarely
1293,Sales,3,1,Sales Representative,No,Travel_Frequently
1294,Sales,2,2,Sales Executive,Yes,Travel_Rarely
1295,Research & Development,3,1,Research Scientist,Yes,Travel_Frequently
1296,Sales,3,4,Sales Executive,No,Travel_Frequently
1297,Research & Development,3,1,Laboratory Technician,No,Travel_Rarely
1298,Sales,3,3,Sales Executive,No,Travel_Rarely
1299,Research & Development,4,1,Laboratory Technician,No,Travel_Frequently
1300,Research & Development,1,2,Manufacturing Director,No,Travel_Rarely
1301,Sales,3,4,Manager,No,Travel_Rarely
1302,Sales,2,1,Sales Representative,No,Travel_Rarely
1303,Research & Development,4,2,Healthcare Representative,No,Travel_Rarely
1304,Sales,4,2,Sales Executive,No,Travel_Rarely
1305,Research & Development,4,3,Healthcare Representative,No,Travel_Rarely
1306,Research & Development,3,2,Laboratory Technician,No,Non-Travel
1307,Sales,2,2,Sales Executive,No,Travel_Rarely
1308,Research & Development,2,3,Research Director,No,Travel_Rarely
1309,Research & Development,1,2,Healthcare Representative,Yes,Non-Travel
1310,Research & Development,3,1,Research Scientist,Yes,Travel_Rarely
1311,Human Resources,2,2,Human Resources,No,Travel_Rarely
1312,Research & Development,3,3,Laboratory Technician,No,Travel_Frequently
1313,Research & Development,3,1,Research Scientist,Yes,Travel_Rarely
1314,Research & Development,3,3,Manager,No,Travel_Frequently
1315,Research & Development,3,4,Manager,Yes,Travel_Rarely
1316,Research & Development,3,1,Laboratory Technician,No,Travel_Frequently
1317,Research & Development,2,4,Healthcare Representative,Yes,Travel_Rarely
1318,Research & Development,2,2,Research Scientist,No,Travel_Rarely
1319,Research & Development,3,1,Research Scientist,Yes,Travel_Rarely
1320,Sales,2,2,Sales Executive,Yes,Travel_Rarely
1321,Sales,3,2,Sales Executive,Yes,Travel_Rarely
1322,Sales,3,2,Sales Executive,No,Travel_Rarely
1323,Research & Development,4,2,Research Scientist,No,Travel_Rarely
1324,Research & Development,1,1,Research Scientist,Yes,Travel_Rarely
1325,Research & Development,3,2,Research Scientist,No,Travel_Rarely
1326,Research & Development,2,3,Manufacturing Director,No,Travel_Frequently
1327,Research & Development,2,5,Manager,No,Travel_Frequently
1328,Sales,3,2,Sales Executive,Yes,Travel_Rarely
1329,Sales,2,2,Sales Executive,No,Travel_Frequently
1330,Research & Development,3,5,Research Director,No,Travel_Rarely
1331,Research & Development,2,2,Laboratory Technician,No,Travel_Frequently
1332,Sales,3,2,Sales Executive,Yes,Non-Travel
1333,Research & Development,3,2,Research Scientist,No,Travel_Frequently
1334,Research & Development,3,3,Healthcare Representative,No,Travel_Rarely
1335,Research & Development,3,2,Research Scientist,No,Travel_Rarely
1336,Sales,1,2,Sales Executive,Yes,Travel_Rarely
1337,Research & Development,1,1,Laboratory Technician,Yes,Travel_Rarely
1338,Research & Development,2,1,Laboratory Technician,No,Travel_Rarely
1339,Sales,2,2,Sales Executive,No,Travel_Rarely
1340,Sales,3,2,Sales Executive,No,Travel_Rarely
1341,Research & Development,3,2,Manufacturing Director,No,Travel_Rarely
1342,Research & Development,2,3,Research Director,Yes,Travel_Rarely
1343,Research & Development,3,3,Manufacturing Director,Yes,Travel_Rarely
1344,Sales,2,2,Sales Executive,Yes,Travel_Rarely
1345,Research & Development,3,3,Manufacturing Director,No,Travel_Rarely
1346,Research & Development,3,1,Research Scientist,No,Travel_Rarely
1347,Research & Development,2,2,Manufacturing Director,Yes,Travel_Rarely
1348,Sales,3,2,Sales Representative,No,Travel_Frequently
1349,Research & Development,3,4,Research Director,No,Travel_Rarely
1350,Sales,3,2,Sales Executive,No,Non-Travel
1351,Human Resources,3,1,Human Resources,Yes,Travel_Rarely
1352,Research & Development,3,1,Laboratory Technician,No,Travel_Rarely
1353,Sales,3,3,Manager,No,Travel_Rarely
1354,Research & Development,4,2,Research Scientist,Yes,Travel_Rarely
1355,Sales,3,2,Sales Executive,Yes,Non-Travel
1356,Sales,3,2,Sales Executive,No,Travel_Rarely
1357,Research & Development,2,2,Healthcare Representative,No,Travel_Rarely
1358,Sales,2,1,Sales Representative,Yes,Travel_Frequently
1359,Sales,3,2,Sales Executive,No,Non-Travel
1360,Sales,2,3,Sales Executive,No,Travel_Frequently
1361,Research & Development,3,2,Healthcare Representative,No,Travel_Rarely
1362,Research & Development,4,1,Laboratory Technician,Yes,Travel_Rarely
1363,Sales,3,1,Sales Representative,No,Non-Travel
1364,Sales,3,1,Sales Representative,Yes,Travel_Rarely
1365,Research & Development,3,1,Laboratory Technician,No,Travel_Rarely
1366,Research & Development,3,2,Manufacturing Director,No,Non-Travel
1367,Sales,3,2,Sales Executive,No,Travel_Frequently
1368,Research & Development,2,3,Healthcare Representative,No,Travel_Rarely
1369,Sales,2,2,Sales Executive,Yes,Travel_Rarely
1370,Research & Development,2,1,Research Scientist,Yes,Travel_Rarely
1371,Sales,4,1,Sales Representative,No,Travel_Rarely
1372,Research & Development,3,1,Research Scientist,No,Travel_Rarely
1373,Research & Development,2,2,Healthcare Representative,No,Travel_Rarely
1374,Research & Development,3,1,Laboratory Technician,No,Travel_Rarely
1375,Sales,3,2,Sales Executive,No,Travel_Rarely
1376,Research & Development,2,3,Healthcare Representative,No,Travel_Rarely
1377,Sales,3,2,Sales Executive,No,Travel_Rarely
1378,Research & Development,3,1,Research Scientist,No,Travel_Rarely
1379,Sales,4,2,Sales Executive,Yes,Non-Travel
1380,Research & Development,3,4,Manager,Yes,Travel_Rarely
1381,Sales,3,2,Sales Executive,Yes,Travel_Rarely
1382,Sales,3,1,Sales Representative,No,Travel_Rarely
1383,Research & Development,3,1,Research Scientist,No,Travel_Frequently
1384,Research & Development,3,1,Research Scientist,No,Travel_Rarely
1385,Sales,2,3,Sales Executive,No,Travel_Rarely
1386,Research & Development,3,1,Research Scientist,Yes,Travel_Frequently
1387,Research & Development,3,1,Laboratory Technician,No,Travel_Rarely
1388,Sales,3,2,Sales Executive,No,Travel_Rarely
1389,Research & Development,3,1,Laboratory Technician,No,Travel_Rarely
1390,Research & Development,3,2,Manufacturing Director,Yes,Travel_Rarely
1391,Research & Development,2,4,Research Director,No,Travel_Rarely
1392,Research & Development,2,2,Laboratory Technician,No,Travel_Rarely
1393,Research & Development,3,5,Research Director,No,Travel_Rarely
1394,Sales,3,2,Sales Executive,No,Non-Travel
1395,Research & Development,3,2,Manufacturing Director,No,Travel_Rarely
1396,Research & Development,3,1,Laboratory Technician,No,Travel_Frequently
1397,Research & Development,3,2,Healthcare Representative,Yes,Travel_Rarely
1398,Sales,2,2,Sales Executive,Yes,Travel_Rarely
1399,Research & Development,3,2,Research Scientist,Yes,Non-Travel
1400,Research & Development,2,1,Laboratory Technician,No,Travel_Rarely
1401,Research & Development,3,5,Manager,Yes,Travel_Frequently
1402,Sales,4,4,Sales Executive,No,Travel_Frequently
1403,Sales,3,2,Sales Executive,No,Travel_Rarely
1404,Sales,4,3,Sales Executive,No,Travel_Rarely
1405,Research & Development,3,2,Laboratory Technician,No,Travel_Rarely
1406,Research & Development,3,1,Laboratory Technician,No,Travel_Rarely
1407,Research & Development,2,3,Manufacturing Director,Yes,Travel_Rarely
1408,Research & Development,3,1,Research Scientist,No,Travel_Rarely
1409,Research & Development,3,4,Manager,No,Travel_Rarely
1410,Research & Development,3,2,Research Scientist,No,Travel_Frequently
1411,Research & Development,1,2,Manufacturing Director,No,Travel_Rarely
1412,Research & Development,3,5,Manager,No,Travel_Rarely
1413,Research & Development,3,2,Manufacturing Director,No,Travel_Rarely
1414,Research & Development,2,2,Healthcare Representative,No,Travel_Frequently
1415,Sales,3,1,Sales Representative,Yes,Travel_Rarely
1416,Sales,1,1,Sales Representative,No,Travel_Frequently
1417,Research & Development,3,1,Laboratory Technician,Yes,Travel_Frequently
1418,Sales,3,5,Manager,No,Travel_Rarely
1419,Research & Development,3,1,Research Scientist,No,Travel_Rarely
1420,Research & Development,3,1,Laboratory Technician,No,Non-Travel
1421,Research & Development,2,3,Research Director,No,Travel_Rarely
1422,Research & Development,2,1,Research Scientist,No,Travel_Rarely
1423,Human Resources,2,1,Human Resources,No,Travel_Rarely
1424,Sales,3,3,Sales Executive,No,Non-Travel
1425,Sales,2,4,Manager,No,Travel_Rarely
1426,Research & Development,2,4,Manager,No,Travel_Rarely
1427,Research & Development,3,1,Laboratory Technician,No,Non-Travel
1428,Sales,2,3,Sales Executive,No,Travel_Frequently
1429,Research & Development,3,2,Manufacturing Director,No,Travel_Rarely
1430,Research & Development,3,4,Research Director,No,Travel_Rarely
1431,Research & Development,1,1,Laboratory Technician,No,Travel_Rarely
1432,Research & Development,3,2,Laboratory Technician,No,Travel_Rarely
1433,Research & Development,2,1,Research Scientist,No,Travel_Rarely
1434,Sales,2,3,Sales Executive,Yes,Travel_Rarely
1435,Research & Development,3,3,Manufacturing Director,No,Travel_Rarely
1436,Research & Development,3,3,Manager,Yes,Travel_Rarely
1437,Research & Development,1,1,Laboratory Technician,No,Travel_Rarely
1438,Sales,3,1,Sales Representative,No,Travel_Rarely
1439,Research & Development,3,3,Healthcare Representative,Yes,Travel_Rarely
1440,Research & Development,3,3,Healthcare Representative,No,Travel_Frequently
1441,Human Resources,3,3,Human Resources,Yes,Travel_Frequently
1442,Research & Development,3,1,Laboratory Technician,No,Travel_Frequently
1443,Sales,3,3,Sales Executive,No,Non-Travel
1444,Research & Development,2,1,Laboratory Technician,No,Travel_Frequently
1445,Sales,3,2,Sales Executive,No,Travel_Rarely
1446,Sales,3,4,Manager,No,Travel_Rarely
1447,Sales,3,2,Sales Executive,No,Non-Travel
1448,Sales,3,2,Sales Executive,No,Travel_Rarely
1449,Research & Development,3,4,Manufacturing Director,No,Travel_Rarely
1450,Research & Development,3,1,Laboratory Technician,No,Travel_Frequently
1451,Sales,3,2,Sales Executive,Yes,Travel_Rarely
1452,Research & Development,3,3,Manufacturing Director,Yes,Travel_Rarely
1453,Sales,3,2,Sales Executive,No,Travel_Rarely
1454,Human Resources,3,1,Human Resources,Yes,Travel_Frequently
1455,Research & Development,3,2,Manufacturing Director,No,Travel_Rarely
1456,Research & Development,4,4,Research Director,No,Travel_Rarely
1457,Sales,2,3,Manager,No,Travel_Rarely
1458,Sales,3,1,Sales Representative,Yes,Travel_Frequently
1459,Sales,1,3,Sales Executive,No,Non-Travel
1460,Research & Development,2,2,Healthcare Representative,Yes,Non-Travel
1461,Sales,3,2,Sales Executive,No,Travel_Rarely
1462,Sales,3,2,Sales Executive,No,Travel_Rarely
1463,Sales,4,2,Sales Executive,No,Travel_Rarely
1464,Research & Development,1,1,Laboratory Technician,Yes,Travel_Rarely
1465,Research & Development,3,3,Manufacturing Director,No,Travel_Rarely
1466,Research & Development,3,3,Healthcare Representative,No,Travel_Frequently
1467,Sales,3,4,Manager,No,Travel_Rarely
1468,Sales,3,3,Sales Executive,No,Non-Travel
1469,Research & Development,3,2,Research Scientist,Yes,Travel_Rarely
1470,Sales,4,2,Sales Executive,No,Non-Travel
1471,Sales,3,1,Sales Representative,No,Travel_Frequently
1472,Research & Development,3,2,Healthcare Representative,No,Travel_Rarely
1473,Research & Development,3,2,Manufacturing Director,No,Travel_Rarely
1474,Research & Development,2,5,Research Director,Yes,Travel_Rarely
1475,Research & Development,4,1,Research Scientist,Yes,Travel_Rarely
1476,Sales,3,2,Sales Executive,No,Travel_Rarely
1477,Research & Development,2,1,Laboratory Technician,No,Travel_Rarely
1478,Human Resources,3,5,Manager,No,Travel_Frequently
1479,Sales,3,1,Sales Representative,No,Travel_Rarely
1480,Research & Development,3,1,Laboratory Technician,Yes,Travel_Frequently
1481,Sales,2,1,Sales Representative,No,Travel_Frequently
1482,Research & Development,2,1,Research Scientist,Yes,Travel_Rarely
1483,Sales,3,2,Sales Executive,No,Travel_Rarely
1484,Research & Development,2,2,Laboratory Technician,No,Travel_Rarely
1485,Sales,4,2,Sales Executive,No,Travel_Rarely
1486,Research & Development,2,1,Research Scientist,No,Travel_Rarely
1487,Sales,3,2,Sales Executive,Yes,Travel_Rarely
1488,Research & Development,2,1,Research Scientist,No,Travel_Rarely
1489,Research & Development,3,2,Healthcare Representative,No,Travel_Rarely
1490,Research & Development,2,4,Research Director,Yes,Travel_Rarely
1491,Research & Development,3,1,Research Scientist,No,Travel_Rarely
1492,Research & Development,3,2,Laboratory Technician,Yes,Travel_Frequently
1493,Research & Development,2,4,Manager,No,Travel_Rarely
1494,Human Resources,2,2,Human Resources,No,Travel_Rarely
1495,Sales,3,1,Sales Representative,Yes,Travel_Rarely
1496,Sales,3,1,Sales Representative,No,Travel_Rarely
1497,Sales,3,1,Sales Representative,No,Travel_Rarely
1498,Research & Development,3,5,Manager,Yes,Travel_Rarely
1499,Research & Development,3,1,Research Scientist,No,Travel_Rarely
1500,Sales,3,2,Sales Executive,No,Travel_Rarely
1501,Research & Development,3,2,Research Scientist,Yes,Travel_Rarely
1502,Research & Development,3,1,Research Scientist,No,Travel_Frequently
1503,Sales,3,2,Sales Executive,No,Travel_Rarely
1504,Research & Development,3,1,Research Scientist,No,Travel_Rarely
1505,Sales,3,2,Sales Executive,No,Travel_Frequently
1506,Research & Development,3,1,Laboratory Technician,Yes,Travel_Rarely
1507,Research & Development,3,3,Manufacturing Director,No,Travel_Rarely
1508,Sales,3,2,Sales Executive,No,Travel_Rarely
1509,Research & Development,1,2,Research Scientist,No,Travel_Rarely
1510,Research & Development,3,2,Healthcare Representative,No,Travel_Frequently
1511,Human Resources,3,3,Human Resources,No,Travel_Rarely
1512,Research & Development,2,2,Manufacturing Director,Yes,Travel_Rarely
1513,Research & Development,2,1,Research Scientist,No,Travel_Rarely
1514,Research & Development,3,1,Research Scientist,Yes,Travel_Rarely
1515,Research & Development,3,1,Research Scientist,Yes,Travel_Frequently
1516,Research & Development,2,1,Laboratory Technician,No,Non-Travel
1517,Research & Development,4,1,Research Scientist,No,Travel_Rarely
1518,Sales,4,2,Sales Executive,No,Travel_Rarely
1519,Sales,2,2,Sales Executive,No,Travel_Rarely
1520,Research & Development,1,1,Research Scientist,No,Travel_Frequently
1521,Sales,4,2,Sales Executive,No,Travel_Rarely
1522,Sales,4,2,Sales Executive,Yes,Travel_Frequently
1523,Research & Development,4,1,Research Scientist,No,Travel_Rarely
1524,Research & Development,4,1,Laboratory Technician,Yes,Travel_Rarely
1525,Research & Development,2,3,Healthcare Representative,No,Travel_Rarely
1526,Sales,3,2,Sales Executive,No,Travel_Rarely
1527,Research & Development,2,2,Healthcare Representative,No,Travel_Rarely
1528,Sales,3,2,Sales Executive,No,Travel_Rarely
1529,Sales,3,2,Sales Executive,Yes,Travel_Frequently
1530,Research & Development,4,2,Healthcare Representative,No,Travel_Rarely
1531,Research & Development,3,3,Manufacturing Director,No,Travel_Rarely
1532,Research & Development,3,3,Research Director,No,Travel_Rarely
1533,Sales,3,2,Sales Executive,No,Travel_Rarely
1534,Sales,2,3,Sales Executive,Yes,Travel_Frequently
1535,Research & Development,4,4,Research Director,No,Travel_Rarely
1536,Human Resources,2,5,Manager,No,Travel_Rarely
1537,Sales,3,2,Sales Executive,No,Travel_Rarely
1538,Research & Development,3,3,Manufacturing Director,No,Travel_Frequently
1539,Human Resources,2,5,Manager,No,Travel_Rarely
1540,Sales,3,1,Sales Representative,No,Travel_Rarely
1541,Research & Development,1,1,Research Scientist,Yes,Travel_Rarely
1542,Research & Development,4,3,Research Director,No,Non-Travel
1543,Research & Development,3,3,Manufacturing Director,Yes,Travel_Rarely
1544,Research & Development,1,1,Laboratory Technician,No,Non-Travel
1545,Sales,3,4,Sales Executive,Yes,Travel_Frequently
1546,Sales,3,2,Sales Executive,No,Travel_Rarely
1547,Sales,3,1,Sales Representative,No,Travel_Rarely
1548,Research & Development,4,1,Research Scientist,Yes,Travel_Frequently
1549,Sales,2,2,Sales Executive,No,Travel_Frequently
1550,Research & Development,3,2,Healthcare Representative,No,Travel_Rarely
1551,Research & Development,3,1,Laboratory Technician,No,Travel_Rarely
1552,Human Resources,4,2,Human Resources,No,Travel_Rarely
1553,Research & Development,3,4,Healthcare Representative,No,Travel_Rarely
1554,Research & Development,2,1,Research Scientist,Yes,Travel_Rarely
1555,Research & Development,2,2,Healthcare Representative,No,Travel_Rarely
1556,Sales,3,1,Sales Representative,No,Travel_Rarely
1557,Research & Development,3,2,Laboratory Technician,No,Travel_Rarely
1558,Research & Development,3,2,Healthcare Representative,No,Non-Travel
1559,Research & Development,3,2,Laboratory Technician,No,Travel_Frequently
1560,Research & Development,3,1,Research Scientist,Yes,Travel_Rarely
1561,Research & Development,3,2,Manufacturing Director,No,Travel_Rarely
1562,Sales,2,4,Manager,No,Travel_Rarely
1563,Research & Development,3,1,Research Scientist,Yes,Travel_Rarely
1564,Sales,3,2,Sales Executive,No,Travel_Rarely
1565,Sales,1,2,Sales Representative,No,Travel_Rarely
1566,Research & Development,4,1,Research Scientist,No,Travel_Rarely
1567,Sales,4,2,Sales Executive,Yes,Travel_Frequently
1568,Sales,3,2,Sales Executive,No,Travel_Rarely
1569,Research & Development,3,5,Manager,Yes,Travel_Rarely
1570,Sales,2,3,Sales Executive,No,Non-Travel
1571,Research & Development,3,1,Research Scientist,No,Non-Travel
1572,Research & Development,1,1,Laboratory Technician,No,Travel_Frequently
1573,Research & Development,3,2,Healthcare Representative,No,Travel_Rarely
1574,Sales,2,2,Sales Executive,No,Travel_Rarely
1575,Research & Development,4,1,Research Scientist,No,Travel_Rarely
1576,Research & Development,3,2,Manufacturing Director,Yes,Travel_Rarely
1577,Sales,3,2,Sales Executive,No,Travel_Frequently
1578,Research & Development,3,1,Research Scientist,Yes,Travel_Rarely
1579,Research & Development,4,2,Manufacturing Director,Yes,Travel_Frequently
1580,Research & Development,2,1,Research Scientist,No,Travel_Rarely
1581,Sales,3,1,Sales Representative,No,Travel_Rarely
1582,Research & Development,1,1,Laboratory Technician,No,Travel_Rarely
1583,Research & Development,4,2,Healthcare Representative,No,Travel_Frequently
1584,Sales,3,2,Sales Executive,No,Travel_Rarely
1585,Research & Development,3,5,Manager,No,Travel_Frequently
1586,Research & Development,4,1,Laboratory Technician,Yes,Travel_Rarely
1587,Research & Development,2,1,Laboratory Technician,No,Non-Travel
1588,Research & Development,3,2,Laboratory Technician,No,Travel_Rarely
1589,Research & Development,3,4,Research Director,No,Travel_Rarely
1590,Research & Development,2,1,Laboratory Technician,Yes,Travel_Rarely
1591,Research & Development,3,3,Research Director,No,Travel_Rarely
1592,Sales,3,2,Sales Executive,No,Travel_Rarely
1593,Research & Development,3,4,Manager,Yes,Travel_Rarely
1594,Research & Development,3,2,Manufacturing Director,No,Travel_Rarely
1595,Research & Development,4,1,Research Scientist,No,Travel_Rarely
1596,Research & Development,3,5,Research Director,Yes,Travel_Rarely
1597,Research & Development,4,1,Research Scientist,No,Travel_Rarely
1598,Research & Development,2,2,Manufacturing Director,Yes,Travel_Rarely
1599,Research & Development,3,1,Research Scientist,No,Travel_Rarely
1600,Human Resources,3,1,Human Resources,No,Travel_Rarely
1601,Research & Development,2,2,Manufacturing Director,No,Travel_Rarely
1602,Research & Development,2,2,Laboratory Technician,No,Travel_Frequently
1603,Research & Development,2,2,Manufacturing Director,Yes,Travel_Rarely
1604,Research & Development,2,1,Research Scientist,No,Travel_Rarely
1605,Research & Development,3,2,Manufacturing Director,No,Travel_Rarely
1606,Research & Development,2,2,Healthcare Representative,No,Travel_Frequently
1607,Research & Development,2,1,Research Scientist,No,Travel_Frequently
1608,Sales,3,3,Sales Executive,No,Travel_Rarely
1609,Sales,3,2,Sales Executive,No,Travel_Rarely
1610,Research & Development,3,4,Research Director,No,Travel_Rarely
1611,Research & Development,2,3,Research Director,Yes,Travel_Rarely
1612,Research & Development,3,3,Manufacturing Director,No,Travel_Rarely
1613,Sales,3,2,Sales Executive,Yes,Travel_Rarely
1614,Human Resources,3,1,Human Resources,No,Travel_Rarely
1615,Research & Development,2,1,Research Scientist,Yes,Travel_Frequently
1616,Research & Development,3,1,Research Scientist,No,Non-Travel
1617,Sales,3,4,Manager,No,Travel_Rarely
1618,Research & Development,3,2,Healthcare Representative,No,Travel_Rarely
1619,Research & Development,4,1,Research Scientist,No,Travel_Rarely
1620,Sales,4,2,Sales Executive,No,Travel_Rarely
1621,Research & Development,2,1,Research Scientist,No,Travel_Rarely
1622,Sales,3,2,Sales Executive,Yes,Travel_Rarely
1623,Sales,3,2,Sales Executive,No,Travel_Rarely
1624,Research & Development,2,1,Research Scientist,No,Travel_Frequently
1625,Sales,2,3,Sales Executive,Yes,Travel_Rarely
1626,Sales,3,3,Sales Executive,Yes,Travel_Rarely
1627,Research & Development,4,2,Research Scientist,No,Travel_Rarely
1628,Research & Development,2,4,Manufacturing Director,No,Travel_Frequently
1629,Sales,2,2,Sales Executive,No,Travel_Rarely
1630,Human Resources,2,1,Human Resources,No,Travel_Rarely
1631,Research & Development,2,2,Manufacturing Director,No,Travel_Rarely
1632,Research & Development,4,1,Laboratory Technician,Yes,Travel_Rarely
1633,Research & Development,3,1,Research Scientist,Yes,Travel_Frequently
1634,Human Resources,2,1,Human Resources,No,Travel_Rarely
1635,Sales,3,2,Sales Executive,Yes,Travel_Rarely
1636,Research & Development,2,3,Manufacturing Director,Yes,Travel_Rarely
1637,Research & Development,3,1,Research Scientist,Yes,Travel_Frequently
1638,Research & Development,3,1,Laboratory Technician,No,Non-Travel
1639,Sales,2,2,Sales Executive,No,Travel_Rarely
1640,Research & Development,3,1,Research Scientist,No,Travel_Rarely
1641,Research & Development,2,1,Laboratory Technician,No,Non-Travel
1642,Sales,3,2,Sales Executive,No,Travel_Frequently
1643,Sales,2,1,Sales Representative,No,Travel_Rarely
1644,Research & Development,4,2,Laboratory Technician,Yes,Travel_Rarely
1645,Research & Development,3,1,Research Scientist,Yes,Travel_Rarely
1646,Sales,2,1,Sales Representative,Yes,Travel_Rarely
1647,Sales,3,4,Sales Executive,No,Travel_Rarely
1648,Research & Development,2,3,Manufacturing Director,No,Travel_Rarely
1649,Sales,3,1,Sales Representative,No,Travel_Frequently
1650,Research & Development,3,4,Research Director,No,Travel_Rarely
1651,Research & Development,3,2,Healthcare Representative,No,Travel_Frequently
1652,Sales,3,2,Sales Executive,Yes,Travel_Rarely
1653,Sales,3,3,Sales Executive,Yes,Non-Travel
1654,Research & Development,3,4,Manager,No,Non-Travel
1655,Human Resources,2,2,Human Resources,No,Travel_Rarely
1656,Human Resources,3,1,Human Resources,Yes,Travel_Rarely
1657,Research & Development,3,1,Laboratory Technician,Yes,Travel_Rarely
1658,Research & Development,2,1,Laboratory Technician,No,Travel_Rarely
1659,Research & Development,3,1,Research Scientist,Yes,Travel_Rarely
1660,Sales,3,2,Sales Executive,No,Travel_Rarely
1661,Research & Development,2,1,Laboratory Technician,Yes,Travel_Frequently
1662,Research & Development,3,2,Manufacturing Director,No,Travel_Rarely
1663,Sales,2,1,Sales Representative,No,Travel_Rarely
1664,Research & Development,3,1,Research Scientist,No,Travel_Rarely
1665,Research & Development,3,2,Healthcare Representative,Yes,Travel_Rarely
1666,Sales,2,1,Sales Representative,Yes,Travel_Rarely
1667,Research & Development,3,2,Manufacturing Director,Yes,Travel_Rarely
1668,Research & Development,1,1,Laboratory Technician,Yes,Travel_Rarely
1669,Research & Development,3,1,Research Scientist,No,Travel_Rarely
1670,Research & Development,3,1,Laboratory Technician,Yes,Travel_Rarely
1671,Research & Development,3,1,Research Scientist,No,Travel_Rarely
1672,Research & Development,3,1,Laboratory Technician,No,Travel_Rarely
1673,Sales,2,2,Sales Executive,No,Travel_Rarely
1674,Research & Development,2,1,Research Scientist,Yes,Travel_Rarely
1675,Research & Development,2,3,Healthcare Representative,Yes,Travel_Rarely
1676,Sales,2,1,Sales Representative,No,Travel_Rarely
1677,Research & Development,3,2,Healthcare Representative,Yes,Travel_Rarely
1678,Research & Development,3,3,Laboratory Technician,No,Travel_Rarely
1679,Research & Development,3,1,Research Scientist,No,Travel_Rarely
1680,Sales,3,2,Sales Executive,No,Non-Travel
1681,Research & Development,3,1,Research Scientist,No,Travel_Rarely
1682,Research & Development,3,3,Research Director,No,Travel_Rarely
1683,Research & Development,2,1,Laboratory Technician,No,Non-Travel
1684,Sales,2,1,Sales Representative,Yes,Travel_Rarely
1685,Sales,2,3,Sales Executive,No,Travel_Rarely
1686,Sales,2,2,Sales Executive,No,Travel_Frequently
1687,Research & Development,3,1,Laboratory Technician,Yes,Travel_Rarely
1688,Research & Development,3,1,Laboratory Technician,No,Travel_Rarely
1689,Sales,2,1,Sales Representative,Yes,Travel_Rarely
1690,Research & Development,3,1,Laboratory Technician,No,Travel_Rarely
1691,Research & Development,3,2,Healthcare Representative,Yes,Travel_Rarely
1692,Research & Development,3,1,Research Scientist,Yes,Travel_Frequently
1693,Research & Development,3,2,Manufacturing Director,No,Travel_Rarely
1694,Sales,2,3,Sales Executive,Yes,Travel_Rarely
1695,Research & Development,2,2,Healthcare Representative,No,Travel_Rarely
1696,Sales,2,3,Sales Executive,No,Travel_Rarely
1697,Research & Development,3,2,Laboratory Technician,No,Non-Travel
1698,Sales,3,1,Sales Representative,No,Travel_Frequently
1699,Sales,3,2,Sales Executive,No,Travel_Rarely
1700,Research & Development,3,4,Manager,No,Travel_Rarely
1701,Research & Development,3,1,Research Scientist,No,Travel_Rarely
1702,Sales,3,4,Manager,No,Travel_Rarely
1703,Sales,3,3,Sales Executive,No,Travel_Rarely
1704,Sales,3,2,Sales Executive,Yes,Non-Travel
1705,Sales,3,3,Sales Executive,No,Travel_Rarely
1706,Sales,4,3,Sales Executive,No,Travel_Rarely
1707,Sales,4,4,Sales Executive,Yes,Non-Travel
1708,Research & Development,4,2,Manufacturing Director,Yes,Travel_Frequently
1709,Sales,3,2,Sales Executive,No,Non-Travel
1710,Research & Development,2,1,Research Scientist,Yes,Non-Travel
1711,Sales,3,4,Manager,No,Non-Travel
1712,Research & Development,2,1,Research Scientist,Yes,Travel_Rarely
1713,Research & Development,3,1,Research Scientist,No,Travel_Rarely
1714,Research & Development,3,1,Laboratory Technician,No,Travel_Rarely
1715,Research & Development,3,4,Research Director,No,Travel_Rarely
1716,Research & Development,4,2,Healthcare Representative,Yes,Travel_Frequently
1717,Research & Development,3,5,Research Director,No,Travel_Frequently
1718,Research & Development,3,1,Laboratory Technician,No,Travel_Rarely
1719,Research & Development,3,2,Laboratory Technician,Yes,Non-Travel
1720,Sales,3,2,Sales Executive,Yes,Travel_Rarely
1721,Research & Development,3,1,Research Scientist,Yes,Travel_Rarely
1722,Research & Development,3,4,Manufacturing Director,Yes,Travel_Rarely
1723,Research & Development,3,1,Research Scientist,No,Travel_Frequently
1724,Research & Development,3,3,Manufacturing Director,No,Travel_Rarely
1725,Research & Development,2,2,Manufacturing Director,No,Travel_Rarely
1726,Research & Development,2,1,Laboratory Technician,Yes,Travel_Rarely
1727,Research & Development,3,2,Manufacturing Director,No,Travel_Frequently
1728,Research & Development,3,1,Research Scientist,No,Non-Travel
1729,Research & Development,3,3,Manufacturing Director,No,Travel_Rarely
1730,Research & Development,3,3,Healthcare Representative,Yes,Travel_Rarely
1731,Research & Development,4,3,Research Director,Yes,Travel_Rarely
1732,Research & Development,2,1,Research Scientist,Yes,Travel_Rarely
1733,Research & Development,3,1,Laboratory Technician,No,Travel_Frequently
1734,Research & Development,4,2,Manufacturing Director,No,Travel_Rarely
1735,Research & Development,1,1,Laboratory Technician,No,Travel_Rarely
1736,Research & Development,2,2,Healthcare Representative,No,Travel_Rarely
1737,Research & Development,2,3,Healthcare Representative,No,Travel_Rarely
1738,Research & Development,3,2,Manufacturing Director,No,Travel_Rarely
1739,Research & Development,2,4,Manufacturing Director,No,Travel_Rarely
1740,Research & Development,3,2,Manufacturing Director,No,Travel_Rarely
1741,Research & Development,3,1,Laboratory Technician,No,Travel_Rarely
1742,Sales,3,5,Manager,No,Travel_Rarely
1743,Research & Development,3,1,Laboratory Technician,No,Travel_Rarely
1744,Research & Development,2,4,Manufacturing Director,Yes,Travel_Rarely
1745,Research & Development,1,2,Healthcare Representative,No,Travel_Rarely
1746,Research & Development,3,2,Healthcare Representative,Yes,Travel_Frequently
1747,Research & Development,1,5,Research Director,No,Non-Travel
1748,Sales,3,2,Sales Executive,Yes,Travel_Rarely
1749,Sales,1,2,Sales Executive,No,Non-Travel
1750,Sales,1,5,Manager,No,Travel_Rarely
1751,Sales,4,4,Sales Executive,Yes,Travel_Rarely
1752,Sales,3,2,Sales Executive,No,Non-Travel
1753,Research & Development,4,1,Laboratory Technician,No,Travel_Rarely
1754,Research & Development,3,3,Manufacturing Director,Yes,Travel_Frequently
1755,Sales,2,1,Sales Representative,No,Non-Travel
1756,Sales,3,4,Manager,No,Travel_Rarely
1757,Research & Development,3,1,Laboratory Technician,No,Non-Travel
1758,Sales,4,2,Sales Executive,No,Travel_Rarely
1759,Sales,3,3,Manager,Yes,Travel_Rarely
1760,Human Resources,3,1,Human Resources,No,Travel_Rarely
1761,Sales,2,3,Sales Executive,No,Travel_Frequently
1762,Research & Development,3,2,Laboratory Technician,No,Travel_Rarely
1763,Research & Development,3,1,Research Scientist,Yes,Travel_Frequently
1764,Sales,3,1,Sales Representative,Yes,Travel_Rarely
1765,Sales,3,1,Sales Representative,No,Travel_Rarely
1766,Research & Development,3,1,Research Scientist,No,Travel_Frequently
1767,Research & Development,3,5,Research Director,Yes,Travel_Rarely
1768,Research & Development,3,2,Healthcare Representative,No,Travel_Rarely
1769,Sales,3,2,Sales Executive,No,Travel_Rarely
1770,Research & Development,2,1,Research Scientist,No,Travel_Frequently
1771,Research & Development,3,5,Research Director,No,Travel_Rarely
1772,Sales,2,3,Sales Executive,No,Travel_Rarely
1773,Research & Development,3,1,Research Scientist,No,Travel_Frequently
1774,Research & Development,2,3,Manufacturing Director,No,Travel_Rarely
1775,Research & Development,2,4,Manager,No,Non-Travel
1776,Sales,2,3,Sales Executive,No,Travel_Rarely
1777,Sales,3,1,Sales Representative,Yes,Travel_Frequently
1778,Research & Development,2,1,Laboratory Technician,No,Travel_Rarely
1779,Research & Development,2,2,Research Scientist,Yes,Travel_Rarely
1780,Research & Development,3,1,Research Scientist,Yes,Travel_Rarely
1781,Research & Development,2,3,Healthcare Representative,No,Non-Travel
1782,Research & Development,2,1,Laboratory Technician,No,Travel_Rarely
1783,Research & Development,3,2,Manufacturing Director,No,Travel_Rarely
1784,Research & Development,4,1,Research Scientist,No,Travel_Rarely
1785,Research & Development,2,3,Healthcare Representative,No,Travel_Rarely
1786,Research & Development,3,3,Healthcare Representative,No,Travel_Rarely
1787,Research & Development,1,1,Laboratory Technician,No,Non-Travel
1788,Research & Development,3,3,Manufacturing Director,No,Travel_Frequently
1789,Research & Development,3,2,Research Scientist,No,Travel_Rarely
1790,Human Resources,2,3,Human Resources,No,Travel_Rarely
1791,Research & Development,2,3,Healthcare Representative,No,Travel_Rarely
1792,Sales,3,3,Sales Executive,Yes,Travel_Rarely
1793,Research & Development,2,2,Research Scientist,No,Travel_Frequently
1794,Research & Development,3,1,Laboratory Technician,No,Travel_Rarely
1795,Research & Development,3,2,Healthcare Representative,No,Travel_Frequently
1796,Sales,2,2,Sales Executive,Yes,Travel_Rarely
1797,Research & Development,3,1,Laboratory Technician,Yes,Travel_Rarely
1798,Research & Development,3,1,Laboratory Technician,No,Travel_Rarely
1799,Research & Development,2,1,Research Scientist,Yes,Travel_Rarely
1800,Research & Development,3,4,Manager,No,Travel_Rarely
1801,Research & Development,2,1,Laboratory Technician,No,Travel_Frequently
1802,Sales,3,2,Sales Executive,Yes,Travel_Frequently
1803,Sales,3,2,Sales Executive,No,Travel_Frequently
1804,Research & Development,2,1,Research Scientist,No,Non-Travel
1805,Research & Development,4,4,Manager,No,Non-Travel
1806,Sales,2,2,Sales Executive,No,Non-Travel
1807,Research & Development,3,3,Healthcare Representative,No,Travel_Rarely
1808,Sales,2,3,Sales Executive,Yes,Travel_Rarely
1809,Research & Development,3,1,Research Scientist,No,Travel_Rarely
1810,Research & Development,3,3,Manufacturing Director,No,Travel_Rarely
1811,Sales,3,4,Manager,No,Travel_Rarely
1812,Sales,3,3,Sales Executive,No,Travel_Rarely
1813,Research & Development,3,3,Manufacturing Director,No,Travel_Frequently
1814,Research & Development,3,4,Healthcare Representative,No,Travel_Frequently
1815,Research & Development,2,5,Research Director,No,Travel_Rarely
1816,Research & Development,2,1,Research Scientist,Yes,Travel_Rarely
1817,Research & Development,3,2,Laboratory Technician,No,Non-Travel
1818,Research & Development,3,2,Manufacturing Director,No,Non-Travel
1819,Sales,4,1,Sales Representative,No,Travel_Frequently
1820,Research & Development,2,1,Research Scientist,No,Travel_Rarely
1821,Sales,3,2,Sales Executive,No,Travel_Frequently
1822,Sales,2,4,Sales Executive,No,Travel_Rarely
1823,Research & Development,3,2,Manufacturing Director,No,Travel_Frequently
1824,Research & Development,3,1,Research Scientist,No,Travel_Frequently
1825,Research & Development,1,2,Laboratory Technician,No,Travel_Rarely
1826,Research & Development,2,2,Manufacturing Director,Yes,Travel_Rarely
1827,Human Resources,4,1,Human Resources,No,Travel_Rarely
1828,Research & Development,2,1,Research Scientist,Yes,Travel_Frequently
1829,Research & Development,3,1,Laboratory Technician,No,Non-Travel
1830,Sales,3,2,Sales Executive,Yes,Travel_Rarely
1831,Research & Development,3,1,Laboratory Technician,Yes,Travel_Rarely
1832,Research & Development,3,1,Laboratory Technician,No,Travel_Frequently
1833,Research & Development,2,2,Healthcare Representative,No,Travel_Rarely
1834,Research & Development,2,1,Research Scientist,No,Travel_Rarely
1835,Sales,3,2,Sales Executive,No,Travel_Rarely
1836,Human Resources,3,1,Human Resources,No,Travel_Rarely
1837,Sales,2,3,Sales Executive,No,Travel_Rarely
1838,Research & Development,3,3,Research Director,No,Travel_Frequently
1839,Sales,3,4,Sales Executive,Yes,Travel_Frequently
1840,Sales,3,2,Sales Executive,No,Travel_Rarely
1841,Research & Development,2,1,Laboratory Technician,No,Travel_Rarely
1842,Research & Development,3,1,Laboratory Technician,No,Travel_Rarely
1843,Research & Development,3,1,Laboratory Technician,Yes,Travel_Rarely
1844,Research & Development,4,1,Laboratory Technician,No,Travel_Rarely
1845,Sales,2,2,Sales Executive,No,Travel_Rarely
1846,Research & Development,2,2,Research Scientist,Yes,Travel_Frequently
1847,Research & Development,2,3,Manufacturing Director,No,Travel_Rarely
1848,Research & Development,2,2,Healthcare Representative,No,Travel_Frequently
1849,Research & Development,2,1,Laboratory Technician,No,Travel_Frequently
1850,Sales,1,2,Sales Executive,No,Travel_Rarely
1851,Sales,3,1,Sales Representative,No,Non-Travel
1852,Research & Development,3,5,Manager,No,Travel_Rarely
1853,Research & Development,3,1,Laboratory Technician,No,Travel_Rarely
1854,Research & Development,3,1,Research Scientist,No,Travel_Rarely
1855,Research & Development,3,1,Research Scientist,Yes,Travel_Rarely
1856,Research & Development,2,2,Manufacturing Director,No,Travel_Rarely
1857,Research & Development,2,1,Laboratory Technician,No,Travel_Rarely
1858,Research & Development,3,1,Research Scientist,Yes,Travel_Rarely
1859,Research & Development,3,5,Manager,No,Travel_Rarely
1860,Research & Development,1,1,Research Scientist,Yes,Travel_Rarely
1861,Research & Development,2,1,Research Scientist,Yes,Travel_Frequently
1862,Sales,3,4,Manager,No,Travel_Rarely
1863,Research & Development,1,1,Research Scientist,No,Non-Travel
1864,Human Resources,3,1,Human Resources,No,Travel_Rarely
1865,Research & Development,2,1,Research Scientist,No,Non-Travel
1866,Sales,3,2,Sales Executive,No,Travel_Rarely
1867,Sales,3,2,Sales Executive,No,Travel_Frequently
1868,Research & Development,3,4,Manager,No,Travel_Frequently
1869,Research & Development,2,1,Laboratory Technician,No,Travel_Rarely
1870,Research & Development,3,5,Research Director,No,Travel_Rarely
1871,Sales,3,2,Sales Executive,Yes,Travel_Rarely
1872,Research & Development,3,1,Laboratory Technician,No,Travel_Rarely
1873,Sales,3,2,Sales Executive,No,Travel_Frequently
1874,Research & Development,1,1,Laboratory Technician,No,Travel_Rarely
1875,Research & Development,3,2,Laboratory Technician,No,Travel_Rarely
1876,Research & Development,3,2,Research Scientist,No,Travel_Rarely
1877,Sales,4,1,Sales Representative,No,Travel_Rarely
1878,Research & Development,3,2,Manufacturing Director,No,Travel_Rarely
1879,Human Resources,4,2,Human Resources,No,Non-Travel
1880,Sales,4,2,Sales Executive,Yes,Travel_Rarely
1881,Research & Development,2,1,Laboratory Technician,No,Travel_Frequently
1882,Research & Development,3,2,Research Scientist,Yes,Travel_Frequently
1883,Research & Development,1,3,Manufacturing Director,Yes,Travel_Rarely
1884,Research & Development,3,1,Research Scientist,No,Travel_Rarely
1885,Sales,2,2,Sales Executive,No,Travel_Rarely
1886,Sales,3,2,Sales Executive,No,Travel_Rarely
1887,Research & Development,3,1,Research Scientist,Yes,Travel_Rarely
1888,Research & Development,3,3,Research Director,Yes,Travel_Frequently
1889,Sales,2,3,Sales Executive,Yes,Non-Travel
1890,Research & Development,3,1,Research Scientist,Yes,Travel_Rarely
1891,Research & Development,3,3,Manufacturing Director,No,Travel_Frequently
1892,Research & Development,4,1,Research Scientist,No,Travel_Rarely
1893,Research & Development,2,1,Research Scientist,Yes,Non-Travel
1894,Research & Development,3,1,Research Scientist,No,Travel_Rarely
1895,Research & Development,3,4,Research Director,No,Travel_Rarely
1896,Research & Development,3,2,Healthcare Representative,Yes,Travel_Rarely
1897,Research & Development,2,2,Healthcare Representative,No,Travel_Rarely
1898,Sales,2,2,Sales Executive,No,Travel_Rarely
1899,Research & Development,1,5,Research Director,No,Travel_Rarely
1900,Research & Development,2,5,Manager,No,Travel_Rarely
1901,Research & Development,3,1,Research Scientist,No,Travel_Frequently
1902,Research & Development,4,1,Laboratory Technician,No,Travel_Rarely
1903,Research & Development,3,1,Research Scientist,No,Travel_Rarely
1904,Research & Development,3,2,Healthcare Representative,Yes,Travel_Rarely
1905,Research & Development,2,5,Research Director,No,Travel_Rarely
1906,Research & Development,2,4,Research Director,No,Travel_Rarely
1907,Research & Development,4,1,Research Scientist,No,Travel_Rarely
1908,Sales,3,5,Manager,No,Travel_Rarely
1909,Sales,4,3,Sales Executive,Yes,Travel_Rarely
1910,Research & Development,4,1,Research Scientist,Yes,Travel_Rarely
1911,Research & Development,3,1,Research Scientist,No,Travel_Rarely
1912,Sales,1,1,Sales Representative,Yes,Travel_Frequently
1913,Research & Development,3,1,Research Scientist,Yes,Travel_Rarely
1914,Sales,1,5,Manager,Yes,Travel_Rarely
1915,Research & Development,2,4,Healthcare Representative,Yes,Non-Travel
1916,Research & Development,2,1,Laboratory Technician,No,Travel_Frequently
1917,Sales,2,5,Manager,No,Travel_Rarely
1918,Sales,3,2,Sales Executive,Yes,Travel_Rarely
1919,Sales,3,5,Manager,Yes,Travel_Frequently
1920,Research & Development,3,3,Manufacturing Director,No,Travel_Rarely
1921,Research & Development,3,2,Laboratory Technician,No,Travel_Frequently
1922,Research & Development,3,1,Laboratory Technician,Yes,Travel_Frequently
1923,Research & Development,4,5,Manager,No,Travel_Rarely
1924,Human Resources,2,2,Human Resources,No,Travel_Frequently
1925,Research & Development,3,1,Research Scientist,Yes,Travel_Rarely
1926,Research & Development,4,2,Research Scientist,Yes,Travel_Rarely
1927,Sales,2,3,Sales Executive,No,Travel_Rarely
1928,Research & Development,3,2,Manufacturing Director,Yes,Travel_Rarely
1929,Research & Development,3,3,Healthcare Representative,No,Travel_Rarely
1930,Research & Development,2,1,Laboratory Technician,Yes,Travel_Frequently
1931,Research & Development,2,1,Laboratory Technician,No,Travel_Frequently
1932,Research & Development,3,2,Manufacturing Director,Yes,Non-Travel
1933,Research & Development,3,1,Laboratory Technician,Yes,Travel_Rarely
1934,Research & Development,3,1,Research Scientist,No,Travel_Rarely
1935,Research & Development,3,1,Research Scientist,No,Travel_Rarely
1936,Sales,4,2,Sales Executive,No,Travel_Rarely
1937,Research & Development,3,5,Manager,No,Travel_Frequently
1938,Research & Development,2,4,Manager,Yes,Travel_Rarely
1939,Research & Development,3,1,Research Scientist,No,Travel_Rarely
1940,Research & Development,3,2,Laboratory Technician,No,Travel_Rarely
1941,Research & Development,3,1,Research Scientist,No,Travel_Rarely
1942,Research & Development,2,2,Laboratory Technician,No,Travel_Rarely
1943,Research & Development,3,3,Healthcare Representative,No,Travel_Rarely
1944,Human Resources,3,1,Human Resources,No,Travel_Rarely
1945,Research & Development,1,2,Laboratory Technician,No,Non-Travel
1946,Research & Development,3,4,Research Director,Yes,Travel_Rarely
1947,Sales,2,3,Sales Executive,Yes,Travel_Rarely
1948,Sales,3,3,Sales Executive,Yes,Travel_Rarely
1949,Research & Development,3,3,Manager,Yes,Travel_Rarely
1950,Research & Development,3,2,Manufacturing Director,No,Travel_Rarely
1951,Sales,3,3,Sales Executive,Yes,Non-Travel
1952,Sales,1,2,Sales Executive,No,Non-Travel
1953,Sales,3,1,Sales Representative,Yes,Travel_Frequently
1954,Research & Development,3,1,Laboratory Technician,No,Travel_Rarely
1955,Research & Development,3,4,Manager,Yes,Non-Travel
1956,Research & Development,1,5,Manager,No,Travel_Rarely
1957,Human Resources,3,5,Manager,No,Travel_Rarely
1958,Research & Development,3,1,Research Scientist,No,Non-Travel
1959,Research & Development,3,3,Healthcare Representative,No,Travel_Rarely
1960,Research & Development,3,2,Research Scientist,No,Travel_Rarely
1961,Sales,3,2,Sales Executive,No,Travel_Frequently
1962,Research & Development,3,2,Research Scientist,Yes,Travel_Frequently
1963,Human Resources,3,4,Manager,Yes,Travel_Rarely
1964,Sales,3,2,Sales Executive,No,Travel_Rarely
1965,Sales,3,2,Sales Executive,No,Travel_Rarely
1966,Research & Development,3,1,Laboratory Technician,No,Travel_Rarely
1967,Research & Development,2,3,Manufacturing Director,Yes,Travel_Rarely
1968,Research & Development,3,1,Laboratory Technician,No,Travel_Rarely
1969,Sales,4,2,Sales Executive,No,Travel_Frequently
1970,Research & Development,3,3,Manufacturing Director,No,Travel_Rarely
1971,Sales,4,1,Sales Representative,No,Travel_Rarely
1972,Research & Development,2,4,Manufacturing Director,No,Travel_Rarely
1973,Research & Development,3,1,Laboratory Technician,No,Non-Travel
1974,Research & Development,2,2,Laboratory Technician,No,Travel_Rarely
1975,Sales,1,2,Sales Executive,No,Travel_Frequently
1976,Sales,4,4,Sales Executive,Yes,Travel_Rarely
1977,Research & Development,3,4,Manufacturing Director,Yes,Travel_Rarely
1978,Research & Development,2,1,Research Scientist,No,Non-Travel
1979,Research & Development,4,2,Healthcare Representative,No,Travel_Rarely
1980,Research & Development,3,2,Laboratory Technician,No,Travel_Rarely
1981,Sales,2,1,Sales Representative,No,Travel_Frequently
1982,Sales,3,2,Sales Executive,Yes,Travel_Frequently
1983,Research & Development,4,1,Research Scientist,No,Travel_Frequently
1984,Research & Development,3,2,Healthcare Representative,No,Travel_Rarely
1985,Sales,2,2,Sales Executive,No,Travel_Rarely
1986,Research & Development,3,2,Manufacturing Director,Yes,Travel_Rarely
1987,Sales,2,2,Sales Executive,Yes,Travel_Rarely
1988,Sales,3,3,Sales Executive,No,Travel_Frequently
1989,Research & Development,3,2,Research Scientist,Yes,Travel_Frequently
1990,Research & Development,3,1,Research Scientist,Yes,Travel_Rarely
1991,Sales,3,2,Sales Executive,No,Travel_Frequently
1992,Sales,3,2,Sales Executive,Yes,Travel_Rarely
1993,Research & Development,3,3,Healthcare Representative,No,Non-Travel
1994,Sales,4,2,Sales Executive,No,Travel_Rarely
1995,Research & Development,4,4,Manufacturing Director,Yes,Travel_Frequently
1996,Research & Development,2,2,Research Scientist,Yes,Travel_Rarely
1997,Sales,2,2,Sales Executive,Yes,Travel_Rarely
1998,Research & Development,3,1,Research Scientist,Yes,Travel_Rarely
1999,Research & Development,2,1,Research Scientist,No,Travel_Rarely
2000,Human Resources,3,4,Manager,No,Travel_Rarely
2001,Research & Development,3,1,Laboratory Technician,No,Travel_Rarely
2002,Research & Development,3,1,Laboratory Technician,No,Travel_Rarely
2003,Research & Development,3,3,Manufacturing Director,No,Travel_Frequently
2004,Research & Development,3,1,Laboratory Technician,No,Travel_Rarely
2005,Research & Development,4,1,Laboratory Technician,No,Travel_Rarely
2006,Human Resources,2,3,Human Resources,No,Travel_Rarely
2007,Research & Development,2,2,Laboratory Technician,No,Travel_Frequently
2008,Research & Development,3,3,Healthcare Representative,Yes,Travel_Frequently
2009,Research & Development,3,4,Research Director,No,Travel_Rarely
2010,Research & Development,3,5,Research Director,Yes,Travel_Rarely
2011,Research & Development,4,4,Research Director,No,Travel_Rarely
2012,Sales,3,2,Sales Executive,Yes,Travel_Rarely
2013,Sales,1,1,Sales Representative,No,Travel_Frequently
2014,Sales,3,2,Sales Executive,No,Travel_Rarely
2015,Research & Development,3,4,Research Director,No,Travel_Rarely
2016,Research & Development,3,1,Research Scientist,No,Travel_Frequently
2017,Research & Development,2,1,Research Scientist,No,Travel_Rarely
2018,Research & Development,3,1,Laboratory Technician,No,Travel_Rarely
2019,Research & Development,2,2,Laboratory Technician,No,Travel_Rarely
2020,Sales,2,2,Sales Executive,No,Travel_Rarely
2021,Research & Development,3,1,Research Scientist,No,Travel_Rarely
2022,Sales,2,1,Sales Representative,No,Travel_Rarely
2023,Research & Development,4,1,Laboratory Technician,No,Non-Travel
2024,Research & Development,3,1,Research Scientist,No,Travel_Rarely
2025,Research & Development,3,4,Research Director,No,Travel_Rarely
2026,Sales,3,2,Sales Executive,Yes,Travel_Rarely
2027,Sales,3,2,Sales Executive,No,Travel_Rarely
2028,Research & Development,2,1,Laboratory Technician,No,Travel_Rarely
2029,Research & Development,4,1,Research Scientist,Yes,Travel_Rarely
2030,Research & Development,3,2,Laboratory Technician,No,Non-Travel
2031,Sales,3,3,Sales Executive,No,Travel_Rarely
2032,Sales,3,3,Sales Executive,No,Travel_Rarely
2033,Research & Development,2,1,Laboratory Technician,Yes,Non-Travel
2034,Research & Development,4,3,Manufacturing Director,No,Travel_Frequently
2035,Research & Development,1,3,Healthcare Representative,Yes,Travel_Rarely
2036,Human Resources,4,1,Human Resources,No,Travel_Rarely
2037,Research & Development,3,1,Laboratory Technician,Yes,Travel_Frequently
2038,Research & Development,3,3,Manufacturing Director,Yes,Travel_Rarely
2039,Sales,3,2,Sales Executive,No,Travel_Rarely
2040,Human Resources,3,1,Human Resources,No,Travel_Rarely
2041,Research & Development,2,3,Research Director,No,Non-Travel
2042,Sales,3,2,Sales Executive,No,Travel_Rarely
2043,Research & Development,2,1,Laboratory Technician,No,Non-Travel
2044,Research & Development,4,4,Research Director,No,Travel_Rarely
2045,Research & Development,3,2,Healthcare Representative,No,Travel_Rarely
2046,Research & Development,3,1,Research Scientist,No,Travel_Rarely
2047,Research & Development,3,1,Research Scientist,No,Travel_Rarely
2048,Sales,3,2,Sales Executive,No,Travel_Frequently
2049,Sales,1,2,Sales Executive,No,Travel_Rarely
2050,Sales,3,2,Sales Executive,No,Travel_Rarely
2051,Research & Development,3,1,Laboratory Technician,No,Travel_Frequently
2052,Sales,3,2,Sales Executive,No,Travel_Frequently
2053,Research & Development,3,1,Research Scientist,No,Non-Travel
2054,Research & Development,4,2,Research Scientist,No,Travel_Rarely
2055,Research & Development,3,3,Healthcare Representative,No,Travel_Rarely
2056,Research & Development,3,4,Research Director,No,Travel_Frequently
2057,Sales,3,1,Sales Representative,No,Travel_Frequently
2058,Sales,3,2,Sales Executive,No,Travel_Frequently
2059,Sales,2,2,Sales Executive,Yes,Travel_Rarely
2060,Sales,3,1,Sales Representative,No,Travel_Rarely
2061,Research & Development,3,1,Laboratory Technician,Yes,Travel_Frequently
2062,Sales,3,1,Sales Representative,No,Non-Travel
2063,Research & Development,3,3,Manufacturing Director,Yes,Travel_Frequently
2064,Sales,2,2,Sales Executive,No,Travel_Rarely
2065,Human Resources,3,1,Human Resources,No,Travel_Rarely
2066,Research & Development,3,2,Healthcare Representative,Yes,Travel_Rarely
2067,Research & Development,2,1,Laboratory Technician,No,Travel_Rarely
2068,Sales,3,2,Sales Executive,Yes,Travel_Rarely
2069,Research & Development,2,1,Laboratory Technician,No,Travel_Frequently
2070,Research & Development,2,1,Research Scientist,No,Travel_Rarely
2071,Sales,3,2,Sales Executive,No,Travel_Frequently
2072,Research & Development,2,2,Laboratory Technician,No,Travel_Rarely
2073,Research & Development,3,1,Laboratory Technician,No,Travel_Frequently
2074,Research & Development,1,2,Manufacturing Director,No,Travel_Rarely
2075,Research & Development,3,2,Healthcare Representative,Yes,Travel_Rarely
2076,Research & Development,3,3,Manager,No,Travel_Rarely
2077,Research & Development,3,4,Manager,No,Travel_Frequently
2078,Research & Development,2,1,Research Scientist,No,Travel_Rarely
2079,Research & Development,3,4,Research Director,No,Travel_Rarely
2080,Research & Development,3,3,Manufacturing Director,No,Travel_Rarely
2081,Sales,3,4,Manager,No,Travel_Rarely
2082,Research & Development,2,3,Healthcare Representative,No,Travel_Rarely
2083,Research & Development,3,2,Laboratory Technician,No,Travel_Rarely
2084,Research & Development,3,1,Laboratory Technician,No,Travel_Rarely
2085,Sales,2,3,Sales Executive,Yes,Travel_Rarely
2086,Research & Development,3,1,Research Scientist,No,Travel_Frequently
2087,Research & Development,1,4,Research Director,Yes,Travel_Frequently
2088,Sales,3,1,Sales Representative,Yes,Travel_Rarely
2089,Research & Development,2,1,Laboratory Technician,No,Travel_Rarely
2090,Research & Development,3,2,Research Scientist,No,Travel_Rarely
2091,Research & Development,1,2,Healthcare Representative,No,Travel_Rarely
2092,Research & Development,2,2,Manufacturing Director,No,Travel_Rarely
2093,Research & Development,3,1,Research Scientist,No,Travel_Rarely
2094,Research & Development,3,3,Healthcare Representative,Yes,Travel_Frequently
2095,Sales,3,2,Sales Executive,No,Travel_Rarely
2096,Research & Development,3,2,Laboratory Technician,Yes,Travel_Rarely
2097,Human Resources,3,4,Manager,Yes,Travel_Rarely
2098,Research & Development,2,1,Laboratory Technician,No,Travel_Rarely
2099,Research & Development,3,2,Healthcare Representative,Yes,Non-Travel
2100,Research & Development,3,3,Healthcare Representative,No,Travel_Rarely
2101,Sales,2,1,Sales Representative,No,Travel_Rarely
2102,Research & Development,2,2,Research Scientist,No,Travel_Rarely
2103,Sales,3,1,Sales Representative,Yes,Travel_Rarely
2104,Sales,3,2,Sales Executive,No,Travel_Rarely
2105,Research & Development,4,1,Research Scientist,No,Travel_Rarely
2106,Sales,3,2,Sales Executive,No,Travel_Rarely
2107,Sales,2,2,Sales Executive,No,Travel_Rarely
2108,Human Resources,3,2,Human Resources,No,Travel_Frequently
2109,Research & Development,2,1,Laboratory Technician,No,Travel_Rarely
2110,Sales,3,3,Sales Executive,No,Travel_Rarely
2111,Research & Development,3,1,Laboratory Technician,Yes,Travel_Rarely
2112,Research & Development,2,3,Manufacturing Director,No,Travel_Rarely
2113,Research & Development,3,2,Manufacturing Director,No,Travel_Rarely
2114,Research & Development,3,2,Research Scientist,No,Non-Travel
2115,Research & Development,3,1,Research Scientist,No,Travel_Rarely
2116,Research & Development,3,1,Research Scientist,No,Travel_Rarely
2117,Sales,2,5,Manager,No,Travel_Rarely
2118,Research & Development,3,2,Research Scientist,No,Travel_Rarely
2119,Research & Development,3,1,Research Scientist,No,Travel_Rarely
2120,Sales,3,2,Sales Executive,No,Travel_Rarely
2121,Sales,3,2,Sales Executive,No,Travel_Rarely
2122,Sales,3,2,Sales Executive,No,Travel_Rarely
2123,Research & Development,3,1,Laboratory Technician,Yes,Travel_Rarely
2124,Research & Development,3,2,Healthcare Representative,Yes,Travel_Rarely
2125,Sales,4,3,Sales Executive,No,Travel_Rarely
2126,Research & Development,3,2,Healthcare Representative,No,Travel_Frequently
2127,Sales,3,5,Manager,Yes,Travel_Rarely
2128,Research & Development,4,1,Research Scientist,No,Travel_Rarely
2129,Research & Development,4,2,Laboratory Technician,Yes,Travel_Frequently
2130,Research & Development,2,5,Manager,No,Travel_Rarely
2131,Research & Development,4,2,Laboratory Technician,No,Travel_Rarely
2132,Research & Development,2,2,Healthcare Representative,No,Travel_Frequently
2133,Sales,3,2,Sales Executive,No,Travel_Rarely
2134,Research & Development,4,1,Laboratory Technician,No,Travel_Rarely
2135,Research & Development,2,1,Laboratory Technician,No,Travel_Rarely
2136,Sales,4,4,Manager,No,Travel_Rarely
2137,Research & Development,3,1,Laboratory Technician,Yes,Travel_Rarely
2138,Research & Development,2,1,Research Scientist,Yes,Non-Travel
2139,Research & Development,3,4,Healthcare Representative,Yes,Travel_Frequently
2140,Research & Development,4,1,Research Scientist,No,Travel_Rarely
2141,Research & Development,3,5,Research Director,Yes,Travel_Rarely
2142,Research & Development,2,1,Research Scientist,No,Travel_Rarely
2143,Research & Development,1,2,Laboratory Technician,Yes,Travel_Rarely
2144,Sales,2,2,Sales Executive,No,Non-Travel
2145,Sales,3,2,Sales Executive,No,Travel_Frequently
2146,Research & Development,3,2,Manufacturing Director,Yes,Travel_Rarely
2147,Research & Development,4,2,Manufacturing Director,No,Travel_Frequently
2148,Research & Development,3,1,Laboratory Technician,No,Travel_Rarely
2149,Research & Development,3,2,Manufacturing Director,No,Travel_Rarely
2150,Research & Development,2,1,Laboratory Technician,No,Travel_Rarely
2151,Research & Development,4,2,Research Scientist,No,Travel_Rarely
2152,Research & Development,1,2,Manufacturing Director,No,Travel_Rarely
2153,Research & Development,3,1,Research Scientist,No,Travel_Rarely
2154,Sales,3,1,Sales Representative,Yes,Travel_Frequently
2155,Human Resources,3,5,Manager,No,Travel_Rarely
2156,Research & Development,2,2,Laboratory Technician,No,Travel_Rarely
2157,Research & Development,2,3,Manufacturing Director,No,Travel_Rarely
2158,Research & Development,3,2,Healthcare Representative,No,Non-Travel
2159,Research & Development,3,2,Manufacturing Director,No,Travel_Rarely
2160,Research & Development,3,2,Manufacturing Director,No,Travel_Frequently
2161,Research & Development,2,2,Manufacturing Director,No,Travel_Rarely
2162,Research & Development,2,3,Manufacturing Director,Yes,Travel_Rarely
2163,Sales,2,3,Sales Executive,No,Travel_Rarely
2164,Research & Development,3,1,Research Scientist,No,Travel_Rarely
2165,Research & Development,3,3,Manufacturing Director,Yes,Travel_Rarely
2166,Human Resources,3,2,Human Resources,Yes,Travel_Frequently
2167,Research & Development,2,4,Manager,No,Travel_Frequently
2168,Sales,1,2,Sales Executive,Yes,Travel_Rarely
2169,Research & Development,3,1,Research Scientist,Yes,Travel_Frequently
2170,Research & Development,4,1,Research Scientist,No,Travel_Rarely
2171,Research & Development,3,1,Research Scientist,No,Travel_Frequently
2172,Research & Development,3,1,Laboratory Technician,Yes,Travel_Rarely
2173,Sales,2,2,Sales Executive,No,Travel_Rarely
2174,Research & Development,3,3,Healthcare Representative,No,Travel_Rarely
2175,Research & Development,4,2,Manufacturing Director,No,Travel_Frequently
2176,Research & Development,3,2,Manufacturing Director,No,Travel_Rarely
2177,Research & Development,3,4,Research Director,No,Travel_Rarely
2178,Research & Development,2,3,Research Director,No,Travel_Rarely
2179,Sales,3,1,Sales Representative,No,Travel_Rarely
2180,Research & Development,3,2,Research Scientist,No,Travel_Rarely
2181,Research & Development,3,1,Laboratory Technician,No,Travel_Rarely
2182,Research & Development,2,4,Healthcare Representative,Yes,Travel_Rarely
2183,Research & Development,2,2,Manufacturing Director,No,Non-Travel
2184,Research & Development,4,2,Healthcare Representative,No,Travel_Rarely
2185,Research & Development,3,4,Manager,No,Travel_Rarely
2186,Research & Development,2,4,Research Director,No,Travel_Rarely
2187,Sales,3,2,Sales Executive,Yes,Travel_Frequently
2188,Research & Development,3,2,Research Scientist,No,Travel_Frequently
2189,Sales,2,2,Sales Executive,Yes,Travel_Rarely
2190,Sales,3,2,Sales Executive,No,Travel_Rarely
2191,Research & Development,3,2,Research Scientist,No,Travel_Rarely
2192,Sales,3,2,Sales Executive,No,Travel_Rarely
2193,Research & Development,3,1,Laboratory Technician,Yes,Travel_Rarely
2194,Research & Development,2,1,Laboratory Technician,No,Travel_Frequently
2195,Sales,4,4,Manager,No,Travel_Rarely
2196,Research & Development,3,4,Manager,No,Travel_Rarely
2197,Sales,3,3,Sales Executive,Yes,Travel_Rarely
2198,Sales,3,1,Sales Representative,No,Travel_Rarely
2199,Sales,3,2,Sales Executive,Yes,Non-Travel
2200,Research & Development,3,2,Healthcare Representative,No,Travel_Rarely
2201,Human Resources,3,1,Human Resources,Yes,Travel_Rarely
2202,Research & Development,2,1,Laboratory Technician,Yes,Travel_Rarely
2203,Research & Development,3,1,Laboratory Technician,No,Travel_Rarely
2204,Research & Development,4,3,Healthcare Representative,No,Travel_Rarely
2205,Sales,3,1,Sales Representative,Yes,Travel_Frequently
2206,Research & Development,3,1,Laboratory Technician,No,Travel_Rarely
2207,Research & Development,3,1,Laboratory Technician,No,Non-Travel
2208,Research & Development,2,1,Research Scientist,No,Travel_Rarely
2209,Research & Development,2,2,Laboratory Technician,No,Travel_Rarely
2210,Research & Development,1,3,Healthcare Representative,No,Travel_Rarely
2211,Research & Development,4,1,Laboratory Technician,No,Travel_Rarely
2212,Sales,1,2,Sales Executive,No,Travel_Frequently
2213,Research & Development,2,1,Research Scientist,No,Travel_Rarely
2214,Sales,3,1,Sales Representative,Yes,Travel_Rarely
2215,Research & Development,4,3,Healthcare Representative,Yes,Travel_Rarely
2216,Research & Development,2,1,Research Scientist,Yes,Travel_Frequently
2217,Sales,3,2,Sales Executive,Yes,Travel_Rarely
2218,Research & Development,4,1,Research Scientist,No,Travel_Rarely
2219,Sales,3,3,Sales Executive,No,Travel_Rarely
2220,Research & Development,3,1,Laboratory Technician,No,Travel_Rarely
2221,Sales,3,2,Sales Representative,No,Travel_Rarely
2222,Research & Development,2,3,Healthcare Representative,No,Non-Travel
2223,Human Resources,1,1,Human Resources,No,Travel_Rarely
2224,Sales,1,4,Sales Executive,No,Travel_Frequently
2225,Research & Development,1,1,Laboratory Technician,No,Travel_Rarely
2226,Research & Development,2,4,Research Director,No,Travel_Rarely
2227,Research & Development,3,1,Research Scientist,No,Travel_Frequently
2228,Research & Development,3,1,Laboratory Technician,No,Travel_Rarely
2229,Human Resources,1,2,Human Resources,No,Non-Travel
2230,Research & Development,3,2,Manufacturing Director,Yes,Travel_Rarely
2231,Research & Development,3,1,Laboratory Technician,No,Travel_Rarely
2232,Research & Development,3,2,Healthcare Representative,No,Travel_Rarely
2233,Research & Development,3,2,Manufacturing Director,No,Travel_Rarely
2234,Research & Development,3,1,Research Scientist,No,Travel_Rarely
2235,Sales,3,2,Sales Executive,No,Non-Travel
2236,Sales,3,3,Sales Executive,Yes,Travel_Rarely
2237,Sales,2,2,Sales Executive,Yes,Travel_Rarely
2238,Sales,1,2,Sales Executive,No,Travel_Rarely
2239,Research & Development,3,1,Laboratory Technician,No,Travel_Rarely
2240,Research & Development,3,2,Manufacturing Director,No,Travel_Frequently
2241,Research & Development,3,2,Laboratory Technician,Yes,Non-Travel
2242,Sales,1,3,Sales Executive,No,Travel_Rarely
2243,Sales,3,5,Manager,No,Travel_Rarely
2244,Human Resources,1,3,Human Resources,No,Travel_Rarely
2245,Research & Development,2,1,Research Scientist,No,Travel_Frequently
2246,Human Resources,3,1,Human Resources,No,Travel_Frequently
2247,Human Resources,2,1,Human Resources,No,Travel_Frequently
2248,Sales,3,2,Sales Executive,No,Travel_Rarely
2249,Research & Development,3,1,Research Scientist,No,Travel_Rarely
2250,Sales,1,1,Sales Representative,No,Travel_Rarely
2251,Research & Development,4,2,Healthcare Representative,Yes,Travel_Frequently
2252,Sales,2,3,Sales Executive,No,Travel_Rarely
2253,Research & Development,4,1,Research Scientist,Yes,Travel_Rarely
2254,Sales,3,2,Sales Executive,No,Non-Travel
2255,Sales,3,2,Sales Executive,No,Travel_Rarely
2256,Sales,3,3,Sales Executive,Yes,Travel_Rarely
2257,Research & Development,2,1,Laboratory Technician,No,Travel_Frequently
2258,Sales,3,3,Sales Executive,No,Travel_Rarely
2259,Research & Development,2,1,Research Scientist,No,Travel_Rarely
2260,Research & Development,4,2,Healthcare Representative,No,Travel_Rarely
2261,Research & Development,3,1,Research Scientist,No,Non-Travel
2262,Research & Development,1,2,Healthcare Representative,Yes,Travel_Rarely
2263,Research & Development,2,1,Research Scientist,Yes,Travel_Frequently
2264,Research & Development,3,1,Laboratory Technician,No,Travel_Rarely
2265,Research & Development,2,5,Research Director,No,Travel_Rarely
2266,Research & Development,3,2,Research Scientist,No,Non-Travel
2267,Research & Development,3,1,Laboratory Technician,No,Travel_Rarely
2268,Sales,3,2,Sales Executive,Yes,Non-Travel
2269,Research & Development,2,4,Manufacturing Director,Yes,Non-Travel
2270,Human Resources,3,1,Human Resources,No,Travel_Rarely
2271,Sales,1,2,Sales Executive,No,Travel_Rarely
2272,Sales,3,1,Sales Representative,No,Travel_Rarely
2273,Research & Development,2,1,Laboratory Technician,No,Travel_Rarely
2274,Research & Development,3,1,Laboratory Technician,Yes,Travel_Rarely
2275,Sales,2,2,Sales Executive,No,Travel_Rarely
2276,Research & Development,3,3,Manager,No,Travel_Rarely
2277,Sales,2,2,Sales Executive,No,Travel_Rarely
2278,Research & Development,3,5,Research Director,Yes,Travel_Rarely
2279,Research & Development,3,3,Healthcare Representative,Yes,Travel_Rarely
2280,Research & Development,3,1,Research Scientist,Yes,Travel_Frequently
2281,Human Resources,3,2,Human Resources,No,Travel_Rarely
2282,Sales,3,2,Sales Executive,Yes,Travel_Rarely
2283,Research & Development,4,1,Research Scientist,No,Travel_Rarely
2284,Research & Development,3,1,Research Scientist,No,Travel_Rarely
2285,Research & Development,3,3,Research Director,No,Travel_Rarely
2286,Sales,2,2,Sales Executive,No,Non-Travel
2287,Research & Development,3,1,Laboratory Technician,No,Travel_Rarely
2288,Research & Development,4,2,Healthcare Representative,No,Travel_Rarely
2289,Research & Development,3,2,Manufacturing Director,No,Non-Travel
2290,Human Resources,3,1,Human Resources,No,Non-Travel
2291,Research & Development,3,2,Laboratory Technician,No,Travel_Frequently
2292,Research & Development,3,2,Manufacturing Director,No,Travel_Rarely
2293,Sales,3,2,Sales Executive,No,Travel_Frequently
2294,Research & Development,3,1,Research Scientist,No,Non-Travel
2295,Research & Development,4,2,Healthcare Representative,No,Travel_Rarely
2296,Sales,3,3,Sales Executive,Yes,Travel_Rarely
2297,Research & Development,3,3,Manufacturing Director,No,Travel_Rarely
2298,Human Resources,3,1,Human Resources,Yes,Travel_Rarely
2299,Research & Development,3,2,Healthcare Representative,No,Travel_Rarely
2300,Research & Development,3,2,Healthcare Representative,No,Travel_Rarely
2301,Sales,4,2,Sales Executive,No,Travel_Rarely
2302,Sales,3,4,Manager,No,Non-Travel
2303,Research & Development,1,1,Laboratory Technician,No,Travel_Rarely
2304,Research & Development,2,3,Manufacturing Director,Yes,Travel_Rarely
2305,Research & Development,3,2,Healthcare Representative,No,Travel_Rarely
2306,Research & Development,3,2,Research Scientist,No,Travel_Rarely
2307,Sales,3,3,Sales Executive,No,Travel_Frequently
2308,Research & Development,3,1,Research Scientist,No,Travel_Rarely
2309,Sales,1,2,Sales Representative,Yes,Travel_Rarely
2310,Sales,3,2,Sales Executive,No,Travel_Rarely
2311,Research & Development,3,4,Research Director,Yes,Travel_Frequently
2312,Research & Development,3,1,Research Scientist,No,Non-Travel
2313,Human Resources,4,1,Human Resources,No,Travel_Rarely
2314,Human Resources,2,1,Human Resources,Yes,Travel_Rarely
2315,Sales,3,2,Sales Executive,No,Non-Travel
2316,Research & Development,3,2,Research Scientist,Yes,Travel_Rarely
2317,Sales,3,2,Sales Executive,No,Travel_Frequently
2318,Research & Development,3,1,Laboratory Technician,Yes,Travel_Frequently
2319,Research & Development,3,1,Laboratory Technician,No,Travel_Frequently
2320,Sales,3,2,Sales Executive,No,Travel_Frequently
2321,Research & Development,3,1,Research Scientist,No,Non-Travel
2322,Research & Development,3,1,Laboratory Technician,No,Travel_Rarely
2323,Research & Development,3,3,Manufacturing Director,No,Travel_Rarely
2324,Human Resources,3,1,Human Resources,No,Non-Travel
2325,Research & Development,1,2,Healthcare Representative,No,Travel_Rarely
2326,Research & Development,3,1,Laboratory Technician,No,Travel_Rarely
2327,Sales,2,2,Sales Executive,Yes,Travel_Rarely
2328,Sales,4,4,Sales Executive,No,Travel_Rarely
2329,Sales,2,2,Sales Representative,No,Travel_Rarely
2330,Human Resources,2,1,Human Resources,No,Travel_Rarely
2331,Research & Development,2,5,Manager,No,Travel_Rarely
2332,Research & Development,2,5,Research Director,No,Travel_Rarely
2333,Research & Development,2,1,Research Scientist,Yes,Travel_Frequently
2334,Sales,3,3,Sales Executive,No,Travel_Rarely
2335,Research & Development,2,1,Research Scientist,No,Travel_Frequently
2336,Research & Development,3,2,Research Scientist,No,Travel_Rarely
2337,Research & Development,2,1,Research Scientist,No,Travel_Rarely
2338,Sales,3,1,Sales Representative,No,Travel_Rarely
2339,Sales,3,1,Sales Representative,No,Travel_Rarely
2340,Research & Development,3,1,Research Scientist,Yes,Travel_Rarely
2341,Sales,2,2,Sales Executive,Yes,Travel_Rarely
2342,Research & Development,3,2,Laboratory Technician,No,Travel_Rarely
2343,Sales,3,3,Sales Executive,Yes,Travel_Rarely
2344,Research & Development,3,1,Laboratory Technician,No,Travel_Rarely
2345,Research & Development,3,2,Research Scientist,Yes,Travel_Rarely
2346,Research & Development,2,2,Manufacturing Director,Yes,Travel_Rarely
2347,Research & Development,2,2,Manufacturing Director,No,Travel_Rarely
2348,Human Resources,2,2,Human Resources,No,Travel_Frequently
2349,Research & Development,3,4,Manager,No,Travel_Rarely
2350,Research & Development,2,1,Research Scientist,Yes,Travel_Rarely
2351,Sales,4,2,Sales Executive,No,Travel_Rarely
2352,Research & Development,3,4,Manager,No,Travel_Frequently
2353,Research & Development,4,2,Healthcare Representative,No,Travel_Rarely
2354,Research & Development,1,1,Research Scientist,Yes,Non-Travel
2355,Research & Development,3,1,Laboratory Technician,No,Travel_Rarely
2356,Sales,2,2,Sales Executive,No,Travel_Rarely
2357,Sales,3,2,Sales Executive,No,Travel_Rarely
2358,Research & Development,3,3,Research Director,No,Travel_Rarely
2359,Sales,3,2,Sales Executive,Yes,Travel_Rarely
2360,Sales,2,2,Sales Executive,Yes,Travel_Rarely
2361,Research & Development,4,1,Laboratory Technician,No,Travel_Rarely
2362,Research & Development,4,1,Laboratory Technician,No,Travel_Frequently
2363,Research & Development,3,2,Healthcare Representative,No,Travel_Frequently
2364,Sales,3,2,Sales Executive,No,Travel_Rarely
2365,Sales,2,2,Sales Executive,Yes,Travel_Frequently
2366,Sales,4,1,Sales Representative,No,Travel_Frequently
2367,Sales,1,2,Sales Executive,No,Non-Travel
2368,Research & Development,3,1,Research Scientist,No,Travel_Rarely
2369,Research & Development,2,2,Research Scientist,Yes,Travel_Frequently
2370,Sales,3,2,Sales Executive,Yes,Travel_Rarely
2371,Research & Development,3,2,Research Scientist,No,Non-Travel
2372,Sales,2,2,Sales Executive,No,Travel_Rarely
2373,Research & Development,3,2,Manufacturing Director,No,Travel_Rarely
2374,Research & Development,2,2,Research Scientist,Yes,Travel_Frequently
2375,Sales,3,4,Manager,Yes,Travel_Rarely
2376,Research & Development,4,1,Research Scientist,Yes,Travel_Frequently
2377,Research & Development,3,1,Research Scientist,No,Travel_Rarely
2378,Research & Development,3,5,Research Director,No,Travel_Frequently
2379,Sales,3,2,Sales Executive,Yes,Travel_Rarely
2380,Human Resources,2,1,Human Resources,No,Travel_Frequently
2381,Sales,3,2,Sales Executive,No,Travel_Rarely
2382,Research & Development,3,1,Research Scientist,No,Non-Travel
2383,Research & Development,3,1,Research Scientist,Yes,Non-Travel
2384,Research & Development,4,1,Laboratory Technician,No,Non-Travel
2385,Sales,3,3,Sales Executive,No,Travel_Rarely
2386,Sales,3,3,Sales Executive,No,Travel_Rarely
2387,Research & Development,3,1,Laboratory Technician,No,Travel_Rarely
2388,Research & Development,3,2,Healthcare Representative,No,Travel_Rarely
2389,Research & Development,3,2,Healthcare Representative,No,Non-Travel
2390,Research & Development,1,2,Research Scientist,No,Travel_Frequently
2391,Research & Development,2,1,Laboratory Technician,No,Travel_Rarely
2392,Sales,2,1,Sales Representative,No,Travel_Rarely
2393,Sales,3,2,Sales Executive,Yes,Travel_Rarely
2394,Sales,3,2,Sales Executive,No,Travel_Rarely
2395,Research & Development,2,2,Manufacturing Director,No,Travel_Rarely
2396,Sales,3,2,Sales Executive,Yes,Travel_Frequently
2397,Sales,3,3,Sales Executive,Yes,Travel_Rarely
2398,Research & Development,3,2,Research Scientist,No,Travel_Rarely
2399,Research & Development,3,2,Healthcare Representative,No,Travel_Frequently
2400,Research & Development,3,3,Healthcare Representative,No,Travel_Rarely
2401,Human Resources,3,1,Human Resources,Yes,Travel_Frequently
2402,Human Resources,4,5,Manager,Yes,Travel_Rarely
2403,Research & Development,1,1,Laboratory Technician,Yes,Travel_Rarely
2404,Sales,3,4,Sales Executive,No,Travel_Rarely
2405,Research & Development,2,2,Research Scientist,No,Non-Travel
2406,Research & Development,3,3,Research Director,No,Non-Travel
2407,Research & Development,3,2,Manufacturing Director,Yes,Travel_Rarely
2408,Research & Development,2,2,Healthcare Representative,No,Travel_Rarely
2409,Research & Development,3,1,Laboratory Technician,No,Travel_Rarely
2410,Research & Development,3,2,Laboratory Technician,No,Travel_Frequently
2411,Sales,3,2,Sales Executive,No,Travel_Rarely
2412,Human Resources,3,1,Human Resources,No,Travel_Rarely
2413,Research & Development,3,1,Laboratory Technician,No,Travel_Rarely
2414,Research & Development,3,1,Laboratory Technician,Yes,Travel_Rarely
2415,Research & Development,3,3,Healthcare Representative,No,Travel_Rarely
2416,Research & Development,2,1,Laboratory Technician,No,Non-Travel
2417,Sales,3,2,Sales Executive,No,Travel_Rarely
2418,Sales,3,1,Sales Representative,No,Travel_Rarely
2419,Research & Development,2,2,Manufacturing Director,No,Travel_Frequently
2420,Research & Development,3,2,Research Scientist,Yes,Travel_Rarely
2421,Research & Development,3,1,Research Scientist,No,Travel_Rarely
2422,Research & Development,3,3,Research Director,No,Non-Travel
2423,Research & Development,3,1,Laboratory Technician,Yes,Travel_Rarely
2424,Research & Development,3,1,Research Scientist,No,Travel_Rarely
2425,Research & Development,3,2,Research Scientist,No,Travel_Rarely
2426,Research & Development,3,2,Healthcare Representative,Yes,Travel_Rarely
2427,Research & Development,2,1,Laboratory Technician,No,Travel_Rarely
2428,Research & Development,3,1,Laboratory Technician,No,Travel_Rarely
2429,Sales,2,1,Sales Representative,No,Travel_Rarely
2430,Research & Development,3,2,Research Scientist,No,Travel_Rarely
2431,Research & Development,1,3,Research Director,No,Travel_Rarely
2432,Sales,3,3,Sales Executive,No,Travel_Rarely
2433,Research & Development,4,3,Research Director,Yes,Travel_Rarely
2434,Sales,3,2,Sales Executive,Yes,Travel_Rarely
2435,Sales,3,1,Sales Representative,No,Non-Travel
2436,Research & Development,3,1,Research Scientist,Yes,Travel_Rarely
2437,Sales,3,1,Sales Representative,Yes,Travel_Rarely
2438,Research & Development,3,5,Manager,No,Non-Travel
2439,Sales,3,1,Sales Representative,No,Travel_Frequently
2440,Sales,2,3,Sales Executive,No,Travel_Rarely
2441,Research & Development,3,2,Manufacturing Director,No,Travel_Frequently
2442,Research & Development,3,2,Healthcare Representative,No,Non-Travel
2443,Research & Development,3,1,Research Scientist,Yes,Travel_Rarely
2444,Research & Development,3,5,Manager,No,Travel_Rarely
2445,Research & Development,3,1,Laboratory Technician,No,Travel_Rarely
2446,Research & Development,2,4,Manufacturing Director,No,Travel_Rarely
2447,Sales,2,2,Sales Executive,No,Travel_Rarely
2448,Sales,1,2,Sales Executive,No,Non-Travel
2449,Sales,2,2,Sales Executive,No,Travel_Rarely
2450,Research & Development,3,1,Research Scientist,No,Travel_Rarely
2451,Human Resources,3,3,Human Resources,Yes,Travel_Rarely
2452,Sales,3,2,Sales Executive,No,Travel_Rarely
2453,Sales,3,2,Sales Executive,No,Travel_Frequently
2454,Sales,2,2,Sales Executive,No,Travel_Rarely
2455,Sales,3,2,Sales Executive,No,Travel_Rarely
2456,Research & Development,2,1,Research Scientist,No,Travel_Rarely
2457,Research & Development,3,2,Healthcare Representative,Yes,Travel_Frequently
2458,Research & Development,3,1,Research Scientist,No,Travel_Rarely
2459,Research & Development,1,1,Research Scientist,No,Travel_Rarely
2460,Research & Development,2,2,Laboratory Technician,Yes,Travel_Rarely
2461,Research & Development,2,1,Research Scientist,No,Travel_Rarely
2462,Sales,2,3,Sales Executive,Yes,Travel_Rarely
2463,Sales,2,4,Sales Executive,No,Travel_Rarely
2464,Research & Development,3,2,Manufacturing Director,No,Non-Travel
2465,Sales,2,1,Sales Representative,No,Travel_Rarely
2466,Research & Development,4,2,Laboratory Technician,No,Travel_Frequently
2467,Research & Development,2,3,Healthcare Representative,No,Travel_Rarely
2468,Research & Development,4,2,Manufacturing Director,Yes,Travel_Rarely
2469,Sales,2,2,Sales Executive,No,Travel_Frequently
2470,Research & Development,4,2,Laboratory Technician,No,Travel_Rarely